/****** [dbo].[Stagiaire] ******/
SET IDENTITY_INSERT alterplanning.dbo.Stagiaire ON;
INSERT INTO alterplanning.dbo.Stagiaire (CodeStagiaire, Civilite, Nom, Prenom, Adresse1, Adresse2, Adresse3, Codepostal, Ville, TelephoneFixe, TelephonePortable, Email, DateNaissance, CodeRegion, CodeNationalite, CodeOrigineMedia, DateDernierEnvoiDoc, DateCreation, Repertoire, Permis, Photo, EnvoiDocEnCours, Historique) VALUES (211, null, 'Johns', 'Zenia', '8389 Porta St.', null, null, null, null, null, null, 'erat.nonummy@amet.co.uk', null, null, null, null, null, null, null, 0, null, 0, null);
INSERT INTO alterplanning.dbo.Stagiaire (CodeStagiaire, Civilite, Nom, Prenom, Adresse1, Adresse2, Adresse3, Codepostal, Ville, TelephoneFixe, TelephonePortable, Email, DateNaissance, CodeRegion, CodeNationalite, CodeOrigineMedia, DateDernierEnvoiDoc, DateCreation, Repertoire, Permis, Photo, EnvoiDocEnCours, Historique) VALUES (212, null, 'Blair', 'Ryder', 'P.O. Box 389, 8246 Turpis Road', null, null, null, null, null, null, 'Vestibulum@arcuMorbi.co.uk', null, null, null, null, null, null, null, 0, null, 0, null);
INSERT INTO alterplanning.dbo.Stagiaire (CodeStagiaire, Civilite, Nom, Prenom, Adresse1, Adresse2, Adresse3, Codepostal, Ville, TelephoneFixe, TelephonePortable, Email, DateNaissance, CodeRegion, CodeNationalite, CodeOrigineMedia, DateDernierEnvoiDoc, DateCreation, Repertoire, Permis, Photo, EnvoiDocEnCours, Historique) VALUES (213, null, 'Kerr', 'Robert', '466-3586 Eu Road', null, null, null, null, null, null, 'mauris.erat@dapibus.net', null, null, null, null, null, null, null, 0, null, 0, null);
INSERT INTO alterplanning.dbo.Stagiaire (CodeStagiaire, Civilite, Nom, Prenom, Adresse1, Adresse2, Adresse3, Codepostal, Ville, TelephoneFixe, TelephonePortable, Email, DateNaissance, CodeRegion, CodeNationalite, CodeOrigineMedia, DateDernierEnvoiDoc, DateCreation, Repertoire, Permis, Photo, EnvoiDocEnCours, Historique) VALUES (214, null, 'Farmer', 'Rylee', '8178 Scelerisque Rd.', null, null, null, null, null, null, 'ullamcorper.velit.in@montes.net', null, null, null, null, null, null, null, 0, null, 0, null);
INSERT INTO alterplanning.dbo.Stagiaire (CodeStagiaire, Civilite, Nom, Prenom, Adresse1, Adresse2, Adresse3, Codepostal, Ville, TelephoneFixe, TelephonePortable, Email, DateNaissance, CodeRegion, CodeNationalite, CodeOrigineMedia, DateDernierEnvoiDoc, DateCreation, Repertoire, Permis, Photo, EnvoiDocEnCours, Historique) VALUES (215, null, 'Bentley', 'Blair', 'Ap #505-3657 Dictum Rd.', null, null, null, null, null, null, 'dis@ridiculus.org', null, null, null, null, null, null, null, 0, null, 0, null);
INSERT INTO alterplanning.dbo.Stagiaire (CodeStagiaire, Civilite, Nom, Prenom, Adresse1, Adresse2, Adresse3, Codepostal, Ville, TelephoneFixe, TelephonePortable, Email, DateNaissance, CodeRegion, CodeNationalite, CodeOrigineMedia, DateDernierEnvoiDoc, DateCreation, Repertoire, Permis, Photo, EnvoiDocEnCours, Historique) VALUES (216, null, 'Morris', 'Keith', 'Ap #224-719 Turpis. Avenue', null, null, null, null, null, null, 'Nullam@Vivamusnonlorem.net', null, null, null, null, null, null, null, 0, null, 0, null);
INSERT INTO alterplanning.dbo.Stagiaire (CodeStagiaire, Civilite, Nom, Prenom, Adresse1, Adresse2, Adresse3, Codepostal, Ville, TelephoneFixe, TelephonePortable, Email, DateNaissance, CodeRegion, CodeNationalite, CodeOrigineMedia, DateDernierEnvoiDoc, DateCreation, Repertoire, Permis, Photo, EnvoiDocEnCours, Historique) VALUES (217, null, 'Ramirez', 'Cadman', '936-1641 Ante. St.', null, null, null, null, null, null, 'tellus.eu@ligulaconsectetuerrhoncus.net', null, null, null, null, null, null, null, 0, null, 0, null);
INSERT INTO alterplanning.dbo.Stagiaire (CodeStagiaire, Civilite, Nom, Prenom, Adresse1, Adresse2, Adresse3, Codepostal, Ville, TelephoneFixe, TelephonePortable, Email, DateNaissance, CodeRegion, CodeNationalite, CodeOrigineMedia, DateDernierEnvoiDoc, DateCreation, Repertoire, Permis, Photo, EnvoiDocEnCours, Historique) VALUES (218, null, 'Mcclure', 'Tanek', 'P.O. Box 260, 1728 Velit Street', null, null, null, null, null, null, 'fermentum.convallis@estconguea.co.uk', null, null, null, null, null, null, null, 0, null, 0, null);
INSERT INTO alterplanning.dbo.Stagiaire (CodeStagiaire, Civilite, Nom, Prenom, Adresse1, Adresse2, Adresse3, Codepostal, Ville, TelephoneFixe, TelephonePortable, Email, DateNaissance, CodeRegion, CodeNationalite, CodeOrigineMedia, DateDernierEnvoiDoc, DateCreation, Repertoire, Permis, Photo, EnvoiDocEnCours, Historique) VALUES (219, null, 'Hardin', 'Tyler', 'Ap #170-7419 Tellus Rd.', null, null, null, null, null, null, 'a.mi@ornareliberoat.co.uk', null, null, null, null, null, null, null, 0, null, 0, null);
INSERT INTO alterplanning.dbo.Stagiaire (CodeStagiaire, Civilite, Nom, Prenom, Adresse1, Adresse2, Adresse3, Codepostal, Ville, TelephoneFixe, TelephonePortable, Email, DateNaissance, CodeRegion, CodeNationalite, CodeOrigineMedia, DateDernierEnvoiDoc, DateCreation, Repertoire, Permis, Photo, EnvoiDocEnCours, Historique) VALUES (220, null, 'Kinney', 'Aurelia', '7576 Quis Avenue', null, null, null, null, null, null, 'non.vestibulum@id.co.uk', null, null, null, null, null, null, null, 0, null, 0, null);
INSERT INTO alterplanning.dbo.Stagiaire (CodeStagiaire, Civilite, Nom, Prenom, Adresse1, Adresse2, Adresse3, Codepostal, Ville, TelephoneFixe, TelephonePortable, Email, DateNaissance, CodeRegion, CodeNationalite, CodeOrigineMedia, DateDernierEnvoiDoc, DateCreation, Repertoire, Permis, Photo, EnvoiDocEnCours, Historique) VALUES (221, null, 'Golden', 'Tobias', 'Ap #279-8964 Non Rd.', null, null, null, null, null, null, 'id@erat.edu', null, null, null, null, null, null, null, 0, null, 0, null);
INSERT INTO alterplanning.dbo.Stagiaire (CodeStagiaire, Civilite, Nom, Prenom, Adresse1, Adresse2, Adresse3, Codepostal, Ville, TelephoneFixe, TelephonePortable, Email, DateNaissance, CodeRegion, CodeNationalite, CodeOrigineMedia, DateDernierEnvoiDoc, DateCreation, Repertoire, Permis, Photo, EnvoiDocEnCours, Historique) VALUES (222, null, 'Michael', 'Reagan', 'P.O. Box 267, 6862 Mattis Rd.', null, null, null, null, null, null, 'mattis@ornare.edu', null, null, null, null, null, null, null, 0, null, 0, null);
INSERT INTO alterplanning.dbo.Stagiaire (CodeStagiaire, Civilite, Nom, Prenom, Adresse1, Adresse2, Adresse3, Codepostal, Ville, TelephoneFixe, TelephonePortable, Email, DateNaissance, CodeRegion, CodeNationalite, CodeOrigineMedia, DateDernierEnvoiDoc, DateCreation, Repertoire, Permis, Photo, EnvoiDocEnCours, Historique) VALUES (223, null, 'Young', 'Aristotle', 'P.O. Box 936, 3294 Tellus Road', null, null, null, null, null, null, 'dui.semper.et@leo.co.uk', null, null, null, null, null, null, null, 0, null, 0, null);
INSERT INTO alterplanning.dbo.Stagiaire (CodeStagiaire, Civilite, Nom, Prenom, Adresse1, Adresse2, Adresse3, Codepostal, Ville, TelephoneFixe, TelephonePortable, Email, DateNaissance, CodeRegion, CodeNationalite, CodeOrigineMedia, DateDernierEnvoiDoc, DateCreation, Repertoire, Permis, Photo, EnvoiDocEnCours, Historique) VALUES (224, null, 'Bass', 'Palmer', '540-1278 Diam. Rd.', null, null, null, null, null, null, 'consequat.enim@sodalesat.ca', null, null, null, null, null, null, null, 0, null, 0, null);
INSERT INTO alterplanning.dbo.Stagiaire (CodeStagiaire, Civilite, Nom, Prenom, Adresse1, Adresse2, Adresse3, Codepostal, Ville, TelephoneFixe, TelephonePortable, Email, DateNaissance, CodeRegion, CodeNationalite, CodeOrigineMedia, DateDernierEnvoiDoc, DateCreation, Repertoire, Permis, Photo, EnvoiDocEnCours, Historique) VALUES (225, null, 'Burgess', 'Tanek', 'P.O. Box 909, 5711 Aliquam St.', null, null, null, null, null, null, 'Nunc.quis@suscipitnonummyFusce.net', null, null, null, null, null, null, null, 0, null, 0, null);
INSERT INTO alterplanning.dbo.Stagiaire (CodeStagiaire, Civilite, Nom, Prenom, Adresse1, Adresse2, Adresse3, Codepostal, Ville, TelephoneFixe, TelephonePortable, Email, DateNaissance, CodeRegion, CodeNationalite, CodeOrigineMedia, DateDernierEnvoiDoc, DateCreation, Repertoire, Permis, Photo, EnvoiDocEnCours, Historique) VALUES (226, null, 'Glass', 'Buckminster', '574-9824 Quis Ave', null, null, null, null, null, null, 'tempor.bibendum@Nullamsuscipit.org', null, null, null, null, null, null, null, 0, null, 0, null);
INSERT INTO alterplanning.dbo.Stagiaire (CodeStagiaire, Civilite, Nom, Prenom, Adresse1, Adresse2, Adresse3, Codepostal, Ville, TelephoneFixe, TelephonePortable, Email, DateNaissance, CodeRegion, CodeNationalite, CodeOrigineMedia, DateDernierEnvoiDoc, DateCreation, Repertoire, Permis, Photo, EnvoiDocEnCours, Historique) VALUES (227, null, 'Carroll', 'Gray', '9932 Enim Avenue', null, null, null, null, null, null, 'egestas.Sed@tempusscelerisque.co.uk', null, null, null, null, null, null, null, 0, null, 0, null);
INSERT INTO alterplanning.dbo.Stagiaire (CodeStagiaire, Civilite, Nom, Prenom, Adresse1, Adresse2, Adresse3, Codepostal, Ville, TelephoneFixe, TelephonePortable, Email, DateNaissance, CodeRegion, CodeNationalite, CodeOrigineMedia, DateDernierEnvoiDoc, DateCreation, Repertoire, Permis, Photo, EnvoiDocEnCours, Historique) VALUES (228, null, 'Best', 'Kaitlin', '9784 Urna. Av.', null, null, null, null, null, null, 'magnis.dis@urnajustofaucibus.co.uk', null, null, null, null, null, null, null, 0, null, 0, null);
INSERT INTO alterplanning.dbo.Stagiaire (CodeStagiaire, Civilite, Nom, Prenom, Adresse1, Adresse2, Adresse3, Codepostal, Ville, TelephoneFixe, TelephonePortable, Email, DateNaissance, CodeRegion, CodeNationalite, CodeOrigineMedia, DateDernierEnvoiDoc, DateCreation, Repertoire, Permis, Photo, EnvoiDocEnCours, Historique) VALUES (229, null, 'Burns', 'Vance', 'Ap #805-1298 Volutpat Rd.', null, null, null, null, null, null, 'consectetuer.rhoncus@iaculisnec.com', null, null, null, null, null, null, null, 0, null, 0, null);
INSERT INTO alterplanning.dbo.Stagiaire (CodeStagiaire, Civilite, Nom, Prenom, Adresse1, Adresse2, Adresse3, Codepostal, Ville, TelephoneFixe, TelephonePortable, Email, DateNaissance, CodeRegion, CodeNationalite, CodeOrigineMedia, DateDernierEnvoiDoc, DateCreation, Repertoire, Permis, Photo, EnvoiDocEnCours, Historique) VALUES (230, null, 'Gilliam', 'Arthur', '9496 Sagittis Avenue', null, null, null, null, null, null, 'neque.vitae.semper@blanditenim.co.uk', null, null, null, null, null, null, null, 0, null, 0, null);
INSERT INTO alterplanning.dbo.Stagiaire (CodeStagiaire, Civilite, Nom, Prenom, Adresse1, Adresse2, Adresse3, Codepostal, Ville, TelephoneFixe, TelephonePortable, Email, DateNaissance, CodeRegion, CodeNationalite, CodeOrigineMedia, DateDernierEnvoiDoc, DateCreation, Repertoire, Permis, Photo, EnvoiDocEnCours, Historique) VALUES (231, null, 'Everett', 'Quon', '339-3580 Dolor Rd.', null, null, null, null, null, null, 'ipsum.Phasellus.vitae@pede.edu', null, null, null, null, null, null, null, 0, null, 0, null);
INSERT INTO alterplanning.dbo.Stagiaire (CodeStagiaire, Civilite, Nom, Prenom, Adresse1, Adresse2, Adresse3, Codepostal, Ville, TelephoneFixe, TelephonePortable, Email, DateNaissance, CodeRegion, CodeNationalite, CodeOrigineMedia, DateDernierEnvoiDoc, DateCreation, Repertoire, Permis, Photo, EnvoiDocEnCours, Historique) VALUES (232, null, 'Richmond', 'Hunter', 'P.O. Box 612, 147 Massa. Avenue', null, null, null, null, null, null, 'placerat@eteros.co.uk', null, null, null, null, null, null, null, 0, null, 0, null);
INSERT INTO alterplanning.dbo.Stagiaire (CodeStagiaire, Civilite, Nom, Prenom, Adresse1, Adresse2, Adresse3, Codepostal, Ville, TelephoneFixe, TelephonePortable, Email, DateNaissance, CodeRegion, CodeNationalite, CodeOrigineMedia, DateDernierEnvoiDoc, DateCreation, Repertoire, Permis, Photo, EnvoiDocEnCours, Historique) VALUES (233, null, 'Stark', 'Zephr', '413-2925 Maecenas Rd.', null, null, null, null, null, null, 'luctus.vulputate.nisi@luctusCurabituregestas.net', null, null, null, null, null, null, null, 0, null, 0, null);
INSERT INTO alterplanning.dbo.Stagiaire (CodeStagiaire, Civilite, Nom, Prenom, Adresse1, Adresse2, Adresse3, Codepostal, Ville, TelephoneFixe, TelephonePortable, Email, DateNaissance, CodeRegion, CodeNationalite, CodeOrigineMedia, DateDernierEnvoiDoc, DateCreation, Repertoire, Permis, Photo, EnvoiDocEnCours, Historique) VALUES (234, null, 'Snow', 'Arthur', 'P.O. Box 574, 179 Dolor Street', null, null, null, null, null, null, 'nibh@sitamet.co.uk', null, null, null, null, null, null, null, 0, null, 0, null);
INSERT INTO alterplanning.dbo.Stagiaire (CodeStagiaire, Civilite, Nom, Prenom, Adresse1, Adresse2, Adresse3, Codepostal, Ville, TelephoneFixe, TelephonePortable, Email, DateNaissance, CodeRegion, CodeNationalite, CodeOrigineMedia, DateDernierEnvoiDoc, DateCreation, Repertoire, Permis, Photo, EnvoiDocEnCours, Historique) VALUES (235, null, 'Hunt', 'Marsden', '984-4882 Cursus Ave', null, null, null, null, null, null, 'Nullam@Donecdignissim.org', null, null, null, null, null, null, null, 0, null, 0, null);
INSERT INTO alterplanning.dbo.Stagiaire (CodeStagiaire, Civilite, Nom, Prenom, Adresse1, Adresse2, Adresse3, Codepostal, Ville, TelephoneFixe, TelephonePortable, Email, DateNaissance, CodeRegion, CodeNationalite, CodeOrigineMedia, DateDernierEnvoiDoc, DateCreation, Repertoire, Permis, Photo, EnvoiDocEnCours, Historique) VALUES (236, null, 'Hess', 'Nayda', 'P.O. Box 113, 8239 Phasellus Rd.', null, null, null, null, null, null, 'orci@semper.net', null, null, null, null, null, null, null, 0, null, 0, null);
INSERT INTO alterplanning.dbo.Stagiaire (CodeStagiaire, Civilite, Nom, Prenom, Adresse1, Adresse2, Adresse3, Codepostal, Ville, TelephoneFixe, TelephonePortable, Email, DateNaissance, CodeRegion, CodeNationalite, CodeOrigineMedia, DateDernierEnvoiDoc, DateCreation, Repertoire, Permis, Photo, EnvoiDocEnCours, Historique) VALUES (237, null, 'Dyer', 'Axel', 'P.O. Box 588, 1516 At Street', null, null, null, null, null, null, 'Integer.id@dui.net', null, null, null, null, null, null, null, 0, null, 0, null);
INSERT INTO alterplanning.dbo.Stagiaire (CodeStagiaire, Civilite, Nom, Prenom, Adresse1, Adresse2, Adresse3, Codepostal, Ville, TelephoneFixe, TelephonePortable, Email, DateNaissance, CodeRegion, CodeNationalite, CodeOrigineMedia, DateDernierEnvoiDoc, DateCreation, Repertoire, Permis, Photo, EnvoiDocEnCours, Historique) VALUES (238, null, 'Wise', 'Hilary', 'P.O. Box 117, 9650 Gravida Road', null, null, null, null, null, null, 'Nam.interdum.enim@diamloremauctor.net', null, null, null, null, null, null, null, 0, null, 0, null);
INSERT INTO alterplanning.dbo.Stagiaire (CodeStagiaire, Civilite, Nom, Prenom, Adresse1, Adresse2, Adresse3, Codepostal, Ville, TelephoneFixe, TelephonePortable, Email, DateNaissance, CodeRegion, CodeNationalite, CodeOrigineMedia, DateDernierEnvoiDoc, DateCreation, Repertoire, Permis, Photo, EnvoiDocEnCours, Historique) VALUES (239, null, 'Santiago', 'Sybil', 'Ap #551-5541 Nisi St.', null, null, null, null, null, null, 'enim.condimentum@tempusmauriserat.ca', null, null, null, null, null, null, null, 0, null, 0, null);
INSERT INTO alterplanning.dbo.Stagiaire (CodeStagiaire, Civilite, Nom, Prenom, Adresse1, Adresse2, Adresse3, Codepostal, Ville, TelephoneFixe, TelephonePortable, Email, DateNaissance, CodeRegion, CodeNationalite, CodeOrigineMedia, DateDernierEnvoiDoc, DateCreation, Repertoire, Permis, Photo, EnvoiDocEnCours, Historique) VALUES (240, null, 'Oliver', 'Blaze', '867-9246 Sit St.', null, null, null, null, null, null, 'sed.sapien@risusDonec.co.uk', null, null, null, null, null, null, null, 0, null, 0, null);
INSERT INTO alterplanning.dbo.Stagiaire (CodeStagiaire, Civilite, Nom, Prenom, Adresse1, Adresse2, Adresse3, Codepostal, Ville, TelephoneFixe, TelephonePortable, Email, DateNaissance, CodeRegion, CodeNationalite, CodeOrigineMedia, DateDernierEnvoiDoc, DateCreation, Repertoire, Permis, Photo, EnvoiDocEnCours, Historique) VALUES (241, null, 'Nielsen', 'Keelie', 'Ap #877-3917 A, St.', null, null, null, null, null, null, 'in.faucibus.orci@nonummy.co.uk', null, null, null, null, null, null, null, 0, null, 0, null);
INSERT INTO alterplanning.dbo.Stagiaire (CodeStagiaire, Civilite, Nom, Prenom, Adresse1, Adresse2, Adresse3, Codepostal, Ville, TelephoneFixe, TelephonePortable, Email, DateNaissance, CodeRegion, CodeNationalite, CodeOrigineMedia, DateDernierEnvoiDoc, DateCreation, Repertoire, Permis, Photo, EnvoiDocEnCours, Historique) VALUES (242, null, 'Luna', 'Ulla', 'P.O. Box 646, 7271 Senectus Road', null, null, null, null, null, null, 'nunc@dapibus.ca', null, null, null, null, null, null, null, 0, null, 0, null);
INSERT INTO alterplanning.dbo.Stagiaire (CodeStagiaire, Civilite, Nom, Prenom, Adresse1, Adresse2, Adresse3, Codepostal, Ville, TelephoneFixe, TelephonePortable, Email, DateNaissance, CodeRegion, CodeNationalite, CodeOrigineMedia, DateDernierEnvoiDoc, DateCreation, Repertoire, Permis, Photo, EnvoiDocEnCours, Historique) VALUES (243, null, 'Butler', 'Carson', 'P.O. Box 144, 1028 Eget Av.', null, null, null, null, null, null, 'ac@adipiscing.com', null, null, null, null, null, null, null, 0, null, 0, null);
INSERT INTO alterplanning.dbo.Stagiaire (CodeStagiaire, Civilite, Nom, Prenom, Adresse1, Adresse2, Adresse3, Codepostal, Ville, TelephoneFixe, TelephonePortable, Email, DateNaissance, CodeRegion, CodeNationalite, CodeOrigineMedia, DateDernierEnvoiDoc, DateCreation, Repertoire, Permis, Photo, EnvoiDocEnCours, Historique) VALUES (244, null, 'Fleming', 'Barry', '330-9889 Eu, St.', null, null, null, null, null, null, 'justo@inhendreritconsectetuer.com', null, null, null, null, null, null, null, 0, null, 0, null);
INSERT INTO alterplanning.dbo.Stagiaire (CodeStagiaire, Civilite, Nom, Prenom, Adresse1, Adresse2, Adresse3, Codepostal, Ville, TelephoneFixe, TelephonePortable, Email, DateNaissance, CodeRegion, CodeNationalite, CodeOrigineMedia, DateDernierEnvoiDoc, DateCreation, Repertoire, Permis, Photo, EnvoiDocEnCours, Historique) VALUES (245, null, 'Holden', 'Addison', 'Ap #893-2302 Luctus, Street', null, null, null, null, null, null, 'at@id.com', null, null, null, null, null, null, null, 0, null, 0, null);
INSERT INTO alterplanning.dbo.Stagiaire (CodeStagiaire, Civilite, Nom, Prenom, Adresse1, Adresse2, Adresse3, Codepostal, Ville, TelephoneFixe, TelephonePortable, Email, DateNaissance, CodeRegion, CodeNationalite, CodeOrigineMedia, DateDernierEnvoiDoc, DateCreation, Repertoire, Permis, Photo, EnvoiDocEnCours, Historique) VALUES (246, null, 'Drake', 'Lacota', '4154 Augue, Ave', null, null, null, null, null, null, 'ac.mattis.semper@Suspendisse.com', null, null, null, null, null, null, null, 0, null, 0, null);
INSERT INTO alterplanning.dbo.Stagiaire (CodeStagiaire, Civilite, Nom, Prenom, Adresse1, Adresse2, Adresse3, Codepostal, Ville, TelephoneFixe, TelephonePortable, Email, DateNaissance, CodeRegion, CodeNationalite, CodeOrigineMedia, DateDernierEnvoiDoc, DateCreation, Repertoire, Permis, Photo, EnvoiDocEnCours, Historique) VALUES (247, null, 'Hart', 'Camille', 'Ap #781-3832 Odio. Rd.', null, null, null, null, null, null, 'quis.lectus.Nullam@estarcu.ca', null, null, null, null, null, null, null, 0, null, 0, null);
INSERT INTO alterplanning.dbo.Stagiaire (CodeStagiaire, Civilite, Nom, Prenom, Adresse1, Adresse2, Adresse3, Codepostal, Ville, TelephoneFixe, TelephonePortable, Email, DateNaissance, CodeRegion, CodeNationalite, CodeOrigineMedia, DateDernierEnvoiDoc, DateCreation, Repertoire, Permis, Photo, EnvoiDocEnCours, Historique) VALUES (248, null, 'Petty', 'Ali', '493-6189 Donec St.', null, null, null, null, null, null, 'tortor@dolortempusnon.ca', null, null, null, null, null, null, null, 0, null, 0, null);
INSERT INTO alterplanning.dbo.Stagiaire (CodeStagiaire, Civilite, Nom, Prenom, Adresse1, Adresse2, Adresse3, Codepostal, Ville, TelephoneFixe, TelephonePortable, Email, DateNaissance, CodeRegion, CodeNationalite, CodeOrigineMedia, DateDernierEnvoiDoc, DateCreation, Repertoire, Permis, Photo, EnvoiDocEnCours, Historique) VALUES (249, null, 'Cabrera', 'Cadman', '933-9404 Ullamcorper Avenue', null, null, null, null, null, null, 'cursus.et@loremlorem.co.uk', null, null, null, null, null, null, null, 0, null, 0, null);
INSERT INTO alterplanning.dbo.Stagiaire (CodeStagiaire, Civilite, Nom, Prenom, Adresse1, Adresse2, Adresse3, Codepostal, Ville, TelephoneFixe, TelephonePortable, Email, DateNaissance, CodeRegion, CodeNationalite, CodeOrigineMedia, DateDernierEnvoiDoc, DateCreation, Repertoire, Permis, Photo, EnvoiDocEnCours, Historique) VALUES (250, null, 'Knox', 'Patricia', 'Ap #832-5765 Aliquam Street', null, null, null, null, null, null, 'et.rutrum@odioauctor.org', null, null, null, null, null, null, null, 0, null, 0, null);
INSERT INTO alterplanning.dbo.Stagiaire (CodeStagiaire, Civilite, Nom, Prenom, Adresse1, Adresse2, Adresse3, Codepostal, Ville, TelephoneFixe, TelephonePortable, Email, DateNaissance, CodeRegion, CodeNationalite, CodeOrigineMedia, DateDernierEnvoiDoc, DateCreation, Repertoire, Permis, Photo, EnvoiDocEnCours, Historique) VALUES (251, null, 'Merritt', 'Illiana', '5967 Amet, Street', null, null, null, null, null, null, 'Donec@lacusCras.org', null, null, null, null, null, null, null, 0, null, 0, null);
INSERT INTO alterplanning.dbo.Stagiaire (CodeStagiaire, Civilite, Nom, Prenom, Adresse1, Adresse2, Adresse3, Codepostal, Ville, TelephoneFixe, TelephonePortable, Email, DateNaissance, CodeRegion, CodeNationalite, CodeOrigineMedia, DateDernierEnvoiDoc, DateCreation, Repertoire, Permis, Photo, EnvoiDocEnCours, Historique) VALUES (252, null, 'Townsend', 'Slade', 'P.O. Box 229, 1180 Sem, St.', null, null, null, null, null, null, 'rhoncus@Fusce.net', null, null, null, null, null, null, null, 0, null, 0, null);
INSERT INTO alterplanning.dbo.Stagiaire (CodeStagiaire, Civilite, Nom, Prenom, Adresse1, Adresse2, Adresse3, Codepostal, Ville, TelephoneFixe, TelephonePortable, Email, DateNaissance, CodeRegion, CodeNationalite, CodeOrigineMedia, DateDernierEnvoiDoc, DateCreation, Repertoire, Permis, Photo, EnvoiDocEnCours, Historique) VALUES (253, null, 'Atkins', 'Idola', '195-3737 Ipsum Street', null, null, null, null, null, null, 'Ut.sagittis.lobortis@nequevitae.co.uk', null, null, null, null, null, null, null, 0, null, 0, null);
INSERT INTO alterplanning.dbo.Stagiaire (CodeStagiaire, Civilite, Nom, Prenom, Adresse1, Adresse2, Adresse3, Codepostal, Ville, TelephoneFixe, TelephonePortable, Email, DateNaissance, CodeRegion, CodeNationalite, CodeOrigineMedia, DateDernierEnvoiDoc, DateCreation, Repertoire, Permis, Photo, EnvoiDocEnCours, Historique) VALUES (254, null, 'Mclaughlin', 'Rama', '750-8445 Non Street', null, null, null, null, null, null, 'eros.non@sagittis.com', null, null, null, null, null, null, null, 0, null, 0, null);
INSERT INTO alterplanning.dbo.Stagiaire (CodeStagiaire, Civilite, Nom, Prenom, Adresse1, Adresse2, Adresse3, Codepostal, Ville, TelephoneFixe, TelephonePortable, Email, DateNaissance, CodeRegion, CodeNationalite, CodeOrigineMedia, DateDernierEnvoiDoc, DateCreation, Repertoire, Permis, Photo, EnvoiDocEnCours, Historique) VALUES (255, null, 'Lynch', 'Marsden', '3980 Est Road', null, null, null, null, null, null, 'luctus@Sedet.edu', null, null, null, null, null, null, null, 0, null, 0, null);
INSERT INTO alterplanning.dbo.Stagiaire (CodeStagiaire, Civilite, Nom, Prenom, Adresse1, Adresse2, Adresse3, Codepostal, Ville, TelephoneFixe, TelephonePortable, Email, DateNaissance, CodeRegion, CodeNationalite, CodeOrigineMedia, DateDernierEnvoiDoc, DateCreation, Repertoire, Permis, Photo, EnvoiDocEnCours, Historique) VALUES (256, null, 'Rodgers', 'Lane', '8447 Leo. St.', null, null, null, null, null, null, 'aliquet.molestie@nisiMauris.org', null, null, null, null, null, null, null, 0, null, 0, null);
INSERT INTO alterplanning.dbo.Stagiaire (CodeStagiaire, Civilite, Nom, Prenom, Adresse1, Adresse2, Adresse3, Codepostal, Ville, TelephoneFixe, TelephonePortable, Email, DateNaissance, CodeRegion, CodeNationalite, CodeOrigineMedia, DateDernierEnvoiDoc, DateCreation, Repertoire, Permis, Photo, EnvoiDocEnCours, Historique) VALUES (257, null, 'Sargent', 'Cruz', '1995 Sem St.', null, null, null, null, null, null, 'leo@Donecconsectetuer.edu', null, null, null, null, null, null, null, 0, null, 0, null);
INSERT INTO alterplanning.dbo.Stagiaire (CodeStagiaire, Civilite, Nom, Prenom, Adresse1, Adresse2, Adresse3, Codepostal, Ville, TelephoneFixe, TelephonePortable, Email, DateNaissance, CodeRegion, CodeNationalite, CodeOrigineMedia, DateDernierEnvoiDoc, DateCreation, Repertoire, Permis, Photo, EnvoiDocEnCours, Historique) VALUES (258, null, 'Bowen', 'Merritt', 'P.O. Box 881, 4408 Tincidunt Ave', null, null, null, null, null, null, 'est@at.org', null, null, null, null, null, null, null, 0, null, 0, null);
INSERT INTO alterplanning.dbo.Stagiaire (CodeStagiaire, Civilite, Nom, Prenom, Adresse1, Adresse2, Adresse3, Codepostal, Ville, TelephoneFixe, TelephonePortable, Email, DateNaissance, CodeRegion, CodeNationalite, CodeOrigineMedia, DateDernierEnvoiDoc, DateCreation, Repertoire, Permis, Photo, EnvoiDocEnCours, Historique) VALUES (259, null, 'Fernandez', 'Ahmed', 'P.O. Box 988, 9385 Sed Av.', null, null, null, null, null, null, 'magnis@sem.net', null, null, null, null, null, null, null, 0, null, 0, null);
INSERT INTO alterplanning.dbo.Stagiaire (CodeStagiaire, Civilite, Nom, Prenom, Adresse1, Adresse2, Adresse3, Codepostal, Ville, TelephoneFixe, TelephonePortable, Email, DateNaissance, CodeRegion, CodeNationalite, CodeOrigineMedia, DateDernierEnvoiDoc, DateCreation, Repertoire, Permis, Photo, EnvoiDocEnCours, Historique) VALUES (260, null, 'Daniels', 'Carolyn', '911-2005 A Avenue', null, null, null, null, null, null, 'lobortis@faucibus.edu', null, null, null, null, null, null, null, 0, null, 0, null);
INSERT INTO alterplanning.dbo.Stagiaire (CodeStagiaire, Civilite, Nom, Prenom, Adresse1, Adresse2, Adresse3, Codepostal, Ville, TelephoneFixe, TelephonePortable, Email, DateNaissance, CodeRegion, CodeNationalite, CodeOrigineMedia, DateDernierEnvoiDoc, DateCreation, Repertoire, Permis, Photo, EnvoiDocEnCours, Historique) VALUES (261, null, 'Stanley', 'Emma', 'Ap #610-2590 Dictum Road', null, null, null, null, null, null, 'cubilia.Curae.Donec@ametrisus.ca', null, null, null, null, null, null, null, 0, null, 0, null);
INSERT INTO alterplanning.dbo.Stagiaire (CodeStagiaire, Civilite, Nom, Prenom, Adresse1, Adresse2, Adresse3, Codepostal, Ville, TelephoneFixe, TelephonePortable, Email, DateNaissance, CodeRegion, CodeNationalite, CodeOrigineMedia, DateDernierEnvoiDoc, DateCreation, Repertoire, Permis, Photo, EnvoiDocEnCours, Historique) VALUES (262, null, 'Harrell', 'Remedios', '3358 Diam. Street', null, null, null, null, null, null, 'lacinia@lectusjusto.com', null, null, null, null, null, null, null, 0, null, 0, null);
INSERT INTO alterplanning.dbo.Stagiaire (CodeStagiaire, Civilite, Nom, Prenom, Adresse1, Adresse2, Adresse3, Codepostal, Ville, TelephoneFixe, TelephonePortable, Email, DateNaissance, CodeRegion, CodeNationalite, CodeOrigineMedia, DateDernierEnvoiDoc, DateCreation, Repertoire, Permis, Photo, EnvoiDocEnCours, Historique) VALUES (263, null, 'Mcgee', 'Keegan', '4788 Volutpat. Av.', null, null, null, null, null, null, 'non.enim@Vestibulumanteipsum.net', null, null, null, null, null, null, null, 0, null, 0, null);
INSERT INTO alterplanning.dbo.Stagiaire (CodeStagiaire, Civilite, Nom, Prenom, Adresse1, Adresse2, Adresse3, Codepostal, Ville, TelephoneFixe, TelephonePortable, Email, DateNaissance, CodeRegion, CodeNationalite, CodeOrigineMedia, DateDernierEnvoiDoc, DateCreation, Repertoire, Permis, Photo, EnvoiDocEnCours, Historique) VALUES (264, null, 'Chase', 'Quin', '4921 Nec, Av.', null, null, null, null, null, null, 'vel@temporarcu.org', null, null, null, null, null, null, null, 0, null, 0, null);
INSERT INTO alterplanning.dbo.Stagiaire (CodeStagiaire, Civilite, Nom, Prenom, Adresse1, Adresse2, Adresse3, Codepostal, Ville, TelephoneFixe, TelephonePortable, Email, DateNaissance, CodeRegion, CodeNationalite, CodeOrigineMedia, DateDernierEnvoiDoc, DateCreation, Repertoire, Permis, Photo, EnvoiDocEnCours, Historique) VALUES (265, null, 'Kidd', 'Nicholas', '7739 Ut Street', null, null, null, null, null, null, 'at.pretium.aliquet@placerat.edu', null, null, null, null, null, null, null, 0, null, 0, null);
INSERT INTO alterplanning.dbo.Stagiaire (CodeStagiaire, Civilite, Nom, Prenom, Adresse1, Adresse2, Adresse3, Codepostal, Ville, TelephoneFixe, TelephonePortable, Email, DateNaissance, CodeRegion, CodeNationalite, CodeOrigineMedia, DateDernierEnvoiDoc, DateCreation, Repertoire, Permis, Photo, EnvoiDocEnCours, Historique) VALUES (266, null, 'Hudson', 'Lydia', 'Ap #186-7635 Id, Rd.', null, null, null, null, null, null, 'neque.non.quam@In.ca', null, null, null, null, null, null, null, 0, null, 0, null);
INSERT INTO alterplanning.dbo.Stagiaire (CodeStagiaire, Civilite, Nom, Prenom, Adresse1, Adresse2, Adresse3, Codepostal, Ville, TelephoneFixe, TelephonePortable, Email, DateNaissance, CodeRegion, CodeNationalite, CodeOrigineMedia, DateDernierEnvoiDoc, DateCreation, Repertoire, Permis, Photo, EnvoiDocEnCours, Historique) VALUES (267, null, 'Cantrell', 'Hayley', '811-7107 A St.', null, null, null, null, null, null, 'ligula.consectetuer.rhoncus@utnullaCras.com', null, null, null, null, null, null, null, 0, null, 0, null);
INSERT INTO alterplanning.dbo.Stagiaire (CodeStagiaire, Civilite, Nom, Prenom, Adresse1, Adresse2, Adresse3, Codepostal, Ville, TelephoneFixe, TelephonePortable, Email, DateNaissance, CodeRegion, CodeNationalite, CodeOrigineMedia, DateDernierEnvoiDoc, DateCreation, Repertoire, Permis, Photo, EnvoiDocEnCours, Historique) VALUES (268, null, 'Brewer', 'Bruno', 'Ap #921-1389 Nunc Ave', null, null, null, null, null, null, 'ullamcorper@iaculis.net', null, null, null, null, null, null, null, 0, null, 0, null);
INSERT INTO alterplanning.dbo.Stagiaire (CodeStagiaire, Civilite, Nom, Prenom, Adresse1, Adresse2, Adresse3, Codepostal, Ville, TelephoneFixe, TelephonePortable, Email, DateNaissance, CodeRegion, CodeNationalite, CodeOrigineMedia, DateDernierEnvoiDoc, DateCreation, Repertoire, Permis, Photo, EnvoiDocEnCours, Historique) VALUES (269, null, 'Lucas', 'Jeanette', 'Ap #347-2521 Sit St.', null, null, null, null, null, null, 'Nulla.facilisi.Sed@Phasellusornare.ca', null, null, null, null, null, null, null, 0, null, 0, null);
INSERT INTO alterplanning.dbo.Stagiaire (CodeStagiaire, Civilite, Nom, Prenom, Adresse1, Adresse2, Adresse3, Codepostal, Ville, TelephoneFixe, TelephonePortable, Email, DateNaissance, CodeRegion, CodeNationalite, CodeOrigineMedia, DateDernierEnvoiDoc, DateCreation, Repertoire, Permis, Photo, EnvoiDocEnCours, Historique) VALUES (270, null, 'Montgomery', 'Flynn', '3899 Donec Ave', null, null, null, null, null, null, 'a@fringillaeuismod.co.uk', null, null, null, null, null, null, null, 0, null, 0, null);
INSERT INTO alterplanning.dbo.Stagiaire (CodeStagiaire, Civilite, Nom, Prenom, Adresse1, Adresse2, Adresse3, Codepostal, Ville, TelephoneFixe, TelephonePortable, Email, DateNaissance, CodeRegion, CodeNationalite, CodeOrigineMedia, DateDernierEnvoiDoc, DateCreation, Repertoire, Permis, Photo, EnvoiDocEnCours, Historique) VALUES (271, null, 'Perry', 'Veronica', '969-6325 Cras Rd.', null, null, null, null, null, null, 'ultricies.sem@semper.ca', null, null, null, null, null, null, null, 0, null, 0, null);
INSERT INTO alterplanning.dbo.Stagiaire (CodeStagiaire, Civilite, Nom, Prenom, Adresse1, Adresse2, Adresse3, Codepostal, Ville, TelephoneFixe, TelephonePortable, Email, DateNaissance, CodeRegion, CodeNationalite, CodeOrigineMedia, DateDernierEnvoiDoc, DateCreation, Repertoire, Permis, Photo, EnvoiDocEnCours, Historique) VALUES (272, null, 'Webb', 'Rama', '706-4962 Diam Avenue', null, null, null, null, null, null, 'sagittis.Duis@egestasnunc.net', null, null, null, null, null, null, null, 0, null, 0, null);
INSERT INTO alterplanning.dbo.Stagiaire (CodeStagiaire, Civilite, Nom, Prenom, Adresse1, Adresse2, Adresse3, Codepostal, Ville, TelephoneFixe, TelephonePortable, Email, DateNaissance, CodeRegion, CodeNationalite, CodeOrigineMedia, DateDernierEnvoiDoc, DateCreation, Repertoire, Permis, Photo, EnvoiDocEnCours, Historique) VALUES (273, null, 'Oneill', 'Henry', 'Ap #667-3273 Bibendum. Rd.', null, null, null, null, null, null, 'erat.eget.tincidunt@non.edu', null, null, null, null, null, null, null, 0, null, 0, null);
INSERT INTO alterplanning.dbo.Stagiaire (CodeStagiaire, Civilite, Nom, Prenom, Adresse1, Adresse2, Adresse3, Codepostal, Ville, TelephoneFixe, TelephonePortable, Email, DateNaissance, CodeRegion, CodeNationalite, CodeOrigineMedia, DateDernierEnvoiDoc, DateCreation, Repertoire, Permis, Photo, EnvoiDocEnCours, Historique) VALUES (274, null, 'Shannon', 'Prescott', 'P.O. Box 950, 3422 Sodales Avenue', null, null, null, null, null, null, 'nec@Etiamimperdiet.com', null, null, null, null, null, null, null, 0, null, 0, null);
INSERT INTO alterplanning.dbo.Stagiaire (CodeStagiaire, Civilite, Nom, Prenom, Adresse1, Adresse2, Adresse3, Codepostal, Ville, TelephoneFixe, TelephonePortable, Email, DateNaissance, CodeRegion, CodeNationalite, CodeOrigineMedia, DateDernierEnvoiDoc, DateCreation, Repertoire, Permis, Photo, EnvoiDocEnCours, Historique) VALUES (275, null, 'Delaney', 'Quynn', '2036 Justo Road', null, null, null, null, null, null, 'pretium.aliquet.metus@Maurismolestiepharetra.co.uk', null, null, null, null, null, null, null, 0, null, 0, null);
INSERT INTO alterplanning.dbo.Stagiaire (CodeStagiaire, Civilite, Nom, Prenom, Adresse1, Adresse2, Adresse3, Codepostal, Ville, TelephoneFixe, TelephonePortable, Email, DateNaissance, CodeRegion, CodeNationalite, CodeOrigineMedia, DateDernierEnvoiDoc, DateCreation, Repertoire, Permis, Photo, EnvoiDocEnCours, Historique) VALUES (276, null, 'Miller', 'Ann', '277-4329 Netus Rd.', null, null, null, null, null, null, 'nisl.Nulla@Etiam.co.uk', null, null, null, null, null, null, null, 0, null, 0, null);
INSERT INTO alterplanning.dbo.Stagiaire (CodeStagiaire, Civilite, Nom, Prenom, Adresse1, Adresse2, Adresse3, Codepostal, Ville, TelephoneFixe, TelephonePortable, Email, DateNaissance, CodeRegion, CodeNationalite, CodeOrigineMedia, DateDernierEnvoiDoc, DateCreation, Repertoire, Permis, Photo, EnvoiDocEnCours, Historique) VALUES (277, null, 'Strong', 'Kylynn', '912-5844 Magna St.', null, null, null, null, null, null, 'libero.Morbi@enim.ca', null, null, null, null, null, null, null, 0, null, 0, null);
INSERT INTO alterplanning.dbo.Stagiaire (CodeStagiaire, Civilite, Nom, Prenom, Adresse1, Adresse2, Adresse3, Codepostal, Ville, TelephoneFixe, TelephonePortable, Email, DateNaissance, CodeRegion, CodeNationalite, CodeOrigineMedia, DateDernierEnvoiDoc, DateCreation, Repertoire, Permis, Photo, EnvoiDocEnCours, Historique) VALUES (278, null, 'Howell', 'Cade', 'Ap #409-6126 Curabitur Avenue', null, null, null, null, null, null, 'magnis.dis.parturient@maurisblandit.ca', null, null, null, null, null, null, null, 0, null, 0, null);
INSERT INTO alterplanning.dbo.Stagiaire (CodeStagiaire, Civilite, Nom, Prenom, Adresse1, Adresse2, Adresse3, Codepostal, Ville, TelephoneFixe, TelephonePortable, Email, DateNaissance, CodeRegion, CodeNationalite, CodeOrigineMedia, DateDernierEnvoiDoc, DateCreation, Repertoire, Permis, Photo, EnvoiDocEnCours, Historique) VALUES (279, null, 'Parks', 'Elvis', 'P.O. Box 542, 9546 Morbi St.', null, null, null, null, null, null, 'faucibus@sed.com', null, null, null, null, null, null, null, 0, null, 0, null);
INSERT INTO alterplanning.dbo.Stagiaire (CodeStagiaire, Civilite, Nom, Prenom, Adresse1, Adresse2, Adresse3, Codepostal, Ville, TelephoneFixe, TelephonePortable, Email, DateNaissance, CodeRegion, CodeNationalite, CodeOrigineMedia, DateDernierEnvoiDoc, DateCreation, Repertoire, Permis, Photo, EnvoiDocEnCours, Historique) VALUES (280, null, 'Richmond', 'Ronan', 'Ap #664-810 Consequat St.', null, null, null, null, null, null, 'magna.Praesent@lectus.co.uk', null, null, null, null, null, null, null, 0, null, 0, null);
INSERT INTO alterplanning.dbo.Stagiaire (CodeStagiaire, Civilite, Nom, Prenom, Adresse1, Adresse2, Adresse3, Codepostal, Ville, TelephoneFixe, TelephonePortable, Email, DateNaissance, CodeRegion, CodeNationalite, CodeOrigineMedia, DateDernierEnvoiDoc, DateCreation, Repertoire, Permis, Photo, EnvoiDocEnCours, Historique) VALUES (281, null, 'Porter', 'Gretchen', 'Ap #447-8299 Nunc Rd.', null, null, null, null, null, null, 'risus.Duis.a@aliquet.com', null, null, null, null, null, null, null, 0, null, 0, null);
INSERT INTO alterplanning.dbo.Stagiaire (CodeStagiaire, Civilite, Nom, Prenom, Adresse1, Adresse2, Adresse3, Codepostal, Ville, TelephoneFixe, TelephonePortable, Email, DateNaissance, CodeRegion, CodeNationalite, CodeOrigineMedia, DateDernierEnvoiDoc, DateCreation, Repertoire, Permis, Photo, EnvoiDocEnCours, Historique) VALUES (282, null, 'Stout', 'Ulric', '301-2066 Non, Street', null, null, null, null, null, null, 'dolor.sit@vulputaterisusa.org', null, null, null, null, null, null, null, 0, null, 0, null);
INSERT INTO alterplanning.dbo.Stagiaire (CodeStagiaire, Civilite, Nom, Prenom, Adresse1, Adresse2, Adresse3, Codepostal, Ville, TelephoneFixe, TelephonePortable, Email, DateNaissance, CodeRegion, CodeNationalite, CodeOrigineMedia, DateDernierEnvoiDoc, DateCreation, Repertoire, Permis, Photo, EnvoiDocEnCours, Historique) VALUES (283, null, 'Vargas', 'Timon', '8642 Erat Road', null, null, null, null, null, null, 'tortor.Integer@ipsum.edu', null, null, null, null, null, null, null, 0, null, 0, null);
INSERT INTO alterplanning.dbo.Stagiaire (CodeStagiaire, Civilite, Nom, Prenom, Adresse1, Adresse2, Adresse3, Codepostal, Ville, TelephoneFixe, TelephonePortable, Email, DateNaissance, CodeRegion, CodeNationalite, CodeOrigineMedia, DateDernierEnvoiDoc, DateCreation, Repertoire, Permis, Photo, EnvoiDocEnCours, Historique) VALUES (284, null, 'Rasmussen', 'Samuel', 'Ap #467-8022 Ut Rd.', null, null, null, null, null, null, 'mauris.blandit@rhoncusid.net', null, null, null, null, null, null, null, 0, null, 0, null);
INSERT INTO alterplanning.dbo.Stagiaire (CodeStagiaire, Civilite, Nom, Prenom, Adresse1, Adresse2, Adresse3, Codepostal, Ville, TelephoneFixe, TelephonePortable, Email, DateNaissance, CodeRegion, CodeNationalite, CodeOrigineMedia, DateDernierEnvoiDoc, DateCreation, Repertoire, Permis, Photo, EnvoiDocEnCours, Historique) VALUES (285, null, 'Horn', 'Gisela', 'Ap #119-8602 Nulla Street', null, null, null, null, null, null, 'orci@adipiscing.com', null, null, null, null, null, null, null, 0, null, 0, null);
INSERT INTO alterplanning.dbo.Stagiaire (CodeStagiaire, Civilite, Nom, Prenom, Adresse1, Adresse2, Adresse3, Codepostal, Ville, TelephoneFixe, TelephonePortable, Email, DateNaissance, CodeRegion, CodeNationalite, CodeOrigineMedia, DateDernierEnvoiDoc, DateCreation, Repertoire, Permis, Photo, EnvoiDocEnCours, Historique) VALUES (286, null, 'Kim', 'Hiram', '6377 Egestas. Rd.', null, null, null, null, null, null, 'fringilla@nuncsed.ca', null, null, null, null, null, null, null, 0, null, 0, null);
INSERT INTO alterplanning.dbo.Stagiaire (CodeStagiaire, Civilite, Nom, Prenom, Adresse1, Adresse2, Adresse3, Codepostal, Ville, TelephoneFixe, TelephonePortable, Email, DateNaissance, CodeRegion, CodeNationalite, CodeOrigineMedia, DateDernierEnvoiDoc, DateCreation, Repertoire, Permis, Photo, EnvoiDocEnCours, Historique) VALUES (287, null, 'Bernard', 'Macey', 'Ap #779-3971 Eu Street', null, null, null, null, null, null, 'turpis.vitae@diam.net', null, null, null, null, null, null, null, 0, null, 0, null);
INSERT INTO alterplanning.dbo.Stagiaire (CodeStagiaire, Civilite, Nom, Prenom, Adresse1, Adresse2, Adresse3, Codepostal, Ville, TelephoneFixe, TelephonePortable, Email, DateNaissance, CodeRegion, CodeNationalite, CodeOrigineMedia, DateDernierEnvoiDoc, DateCreation, Repertoire, Permis, Photo, EnvoiDocEnCours, Historique) VALUES (288, null, 'Baxter', 'Wylie', 'P.O. Box 155, 8766 Ipsum. Street', null, null, null, null, null, null, 'iaculis.quis@perinceptoshymenaeos.co.uk', null, null, null, null, null, null, null, 0, null, 0, null);
INSERT INTO alterplanning.dbo.Stagiaire (CodeStagiaire, Civilite, Nom, Prenom, Adresse1, Adresse2, Adresse3, Codepostal, Ville, TelephoneFixe, TelephonePortable, Email, DateNaissance, CodeRegion, CodeNationalite, CodeOrigineMedia, DateDernierEnvoiDoc, DateCreation, Repertoire, Permis, Photo, EnvoiDocEnCours, Historique) VALUES (289, null, 'Whitney', 'Roth', 'P.O. Box 540, 6437 Ac Av.', null, null, null, null, null, null, 'Donec.porttitor.tellus@aliquamenim.net', null, null, null, null, null, null, null, 0, null, 0, null);
INSERT INTO alterplanning.dbo.Stagiaire (CodeStagiaire, Civilite, Nom, Prenom, Adresse1, Adresse2, Adresse3, Codepostal, Ville, TelephoneFixe, TelephonePortable, Email, DateNaissance, CodeRegion, CodeNationalite, CodeOrigineMedia, DateDernierEnvoiDoc, DateCreation, Repertoire, Permis, Photo, EnvoiDocEnCours, Historique) VALUES (290, null, 'Peck', 'Jacob', 'P.O. Box 187, 8024 Nec Road', null, null, null, null, null, null, 'ad.litora.torquent@magnaPraesent.com', null, null, null, null, null, null, null, 0, null, 0, null);
INSERT INTO alterplanning.dbo.Stagiaire (CodeStagiaire, Civilite, Nom, Prenom, Adresse1, Adresse2, Adresse3, Codepostal, Ville, TelephoneFixe, TelephonePortable, Email, DateNaissance, CodeRegion, CodeNationalite, CodeOrigineMedia, DateDernierEnvoiDoc, DateCreation, Repertoire, Permis, Photo, EnvoiDocEnCours, Historique) VALUES (291, null, 'Franco', 'Nasim', '8461 Nec Rd.', null, null, null, null, null, null, 'dolor@nuncrisusvarius.org', null, null, null, null, null, null, null, 0, null, 0, null);
INSERT INTO alterplanning.dbo.Stagiaire (CodeStagiaire, Civilite, Nom, Prenom, Adresse1, Adresse2, Adresse3, Codepostal, Ville, TelephoneFixe, TelephonePortable, Email, DateNaissance, CodeRegion, CodeNationalite, CodeOrigineMedia, DateDernierEnvoiDoc, DateCreation, Repertoire, Permis, Photo, EnvoiDocEnCours, Historique) VALUES (292, null, 'Murray', 'Basia', 'Ap #950-4835 Proin Road', null, null, null, null, null, null, 'Quisque@aliquetsemut.net', null, null, null, null, null, null, null, 0, null, 0, null);
INSERT INTO alterplanning.dbo.Stagiaire (CodeStagiaire, Civilite, Nom, Prenom, Adresse1, Adresse2, Adresse3, Codepostal, Ville, TelephoneFixe, TelephonePortable, Email, DateNaissance, CodeRegion, CodeNationalite, CodeOrigineMedia, DateDernierEnvoiDoc, DateCreation, Repertoire, Permis, Photo, EnvoiDocEnCours, Historique) VALUES (293, null, 'Hays', 'Helen', 'P.O. Box 457, 8762 Cum Av.', null, null, null, null, null, null, 'Integer.id@aliquetPhasellus.net', null, null, null, null, null, null, null, 0, null, 0, null);
INSERT INTO alterplanning.dbo.Stagiaire (CodeStagiaire, Civilite, Nom, Prenom, Adresse1, Adresse2, Adresse3, Codepostal, Ville, TelephoneFixe, TelephonePortable, Email, DateNaissance, CodeRegion, CodeNationalite, CodeOrigineMedia, DateDernierEnvoiDoc, DateCreation, Repertoire, Permis, Photo, EnvoiDocEnCours, Historique) VALUES (294, null, 'Hickman', 'Kylan', '6549 Lectus Road', null, null, null, null, null, null, 'consequat.dolor.vitae@egestas.co.uk', null, null, null, null, null, null, null, 0, null, 0, null);
INSERT INTO alterplanning.dbo.Stagiaire (CodeStagiaire, Civilite, Nom, Prenom, Adresse1, Adresse2, Adresse3, Codepostal, Ville, TelephoneFixe, TelephonePortable, Email, DateNaissance, CodeRegion, CodeNationalite, CodeOrigineMedia, DateDernierEnvoiDoc, DateCreation, Repertoire, Permis, Photo, EnvoiDocEnCours, Historique) VALUES (295, null, 'Davis', 'Oliver', 'Ap #440-5097 Nisl St.', null, null, null, null, null, null, 'fringilla@Aliquamauctorvelit.net', null, null, null, null, null, null, null, 0, null, 0, null);
INSERT INTO alterplanning.dbo.Stagiaire (CodeStagiaire, Civilite, Nom, Prenom, Adresse1, Adresse2, Adresse3, Codepostal, Ville, TelephoneFixe, TelephonePortable, Email, DateNaissance, CodeRegion, CodeNationalite, CodeOrigineMedia, DateDernierEnvoiDoc, DateCreation, Repertoire, Permis, Photo, EnvoiDocEnCours, Historique) VALUES (296, null, 'Vaughan', 'Louis', 'P.O. Box 346, 9055 Scelerisque Rd.', null, null, null, null, null, null, 'malesuada@semperet.edu', null, null, null, null, null, null, null, 0, null, 0, null);
INSERT INTO alterplanning.dbo.Stagiaire (CodeStagiaire, Civilite, Nom, Prenom, Adresse1, Adresse2, Adresse3, Codepostal, Ville, TelephoneFixe, TelephonePortable, Email, DateNaissance, CodeRegion, CodeNationalite, CodeOrigineMedia, DateDernierEnvoiDoc, DateCreation, Repertoire, Permis, Photo, EnvoiDocEnCours, Historique) VALUES (297, null, 'Greene', 'Devin', '7226 At Avenue', null, null, null, null, null, null, 'et.lacinia@esttemporbibendum.ca', null, null, null, null, null, null, null, 0, null, 0, null);
INSERT INTO alterplanning.dbo.Stagiaire (CodeStagiaire, Civilite, Nom, Prenom, Adresse1, Adresse2, Adresse3, Codepostal, Ville, TelephoneFixe, TelephonePortable, Email, DateNaissance, CodeRegion, CodeNationalite, CodeOrigineMedia, DateDernierEnvoiDoc, DateCreation, Repertoire, Permis, Photo, EnvoiDocEnCours, Historique) VALUES (298, null, 'Conrad', 'Cecilia', '1065 Nunc St.', null, null, null, null, null, null, 'massa.rutrum@arcuetpede.edu', null, null, null, null, null, null, null, 0, null, 0, null);
INSERT INTO alterplanning.dbo.Stagiaire (CodeStagiaire, Civilite, Nom, Prenom, Adresse1, Adresse2, Adresse3, Codepostal, Ville, TelephoneFixe, TelephonePortable, Email, DateNaissance, CodeRegion, CodeNationalite, CodeOrigineMedia, DateDernierEnvoiDoc, DateCreation, Repertoire, Permis, Photo, EnvoiDocEnCours, Historique) VALUES (299, null, 'Saunders', 'Graiden', 'Ap #141-7932 Dolor. Av.', null, null, null, null, null, null, 'dolor.dapibus@odioEtiam.edu', null, null, null, null, null, null, null, 0, null, 0, null);
INSERT INTO alterplanning.dbo.Stagiaire (CodeStagiaire, Civilite, Nom, Prenom, Adresse1, Adresse2, Adresse3, Codepostal, Ville, TelephoneFixe, TelephonePortable, Email, DateNaissance, CodeRegion, CodeNationalite, CodeOrigineMedia, DateDernierEnvoiDoc, DateCreation, Repertoire, Permis, Photo, EnvoiDocEnCours, Historique) VALUES (300, null, 'Hancock', 'Davis', 'P.O. Box 824, 7439 Eu Rd.', null, null, null, null, null, null, 'nonummy@sodales.ca', null, null, null, null, null, null, null, 0, null, 0, null);
INSERT INTO alterplanning.dbo.Stagiaire (CodeStagiaire, Civilite, Nom, Prenom, Adresse1, Adresse2, Adresse3, Codepostal, Ville, TelephoneFixe, TelephonePortable, Email, DateNaissance, CodeRegion, CodeNationalite, CodeOrigineMedia, DateDernierEnvoiDoc, DateCreation, Repertoire, Permis, Photo, EnvoiDocEnCours, Historique) VALUES (301, null, 'Rivas', 'Fulton', '560-8266 Sed Ave', null, null, null, null, null, null, 'elementum.lorem@urnaconvallis.net', null, null, null, null, null, null, null, 0, null, 0, null);
INSERT INTO alterplanning.dbo.Stagiaire (CodeStagiaire, Civilite, Nom, Prenom, Adresse1, Adresse2, Adresse3, Codepostal, Ville, TelephoneFixe, TelephonePortable, Email, DateNaissance, CodeRegion, CodeNationalite, CodeOrigineMedia, DateDernierEnvoiDoc, DateCreation, Repertoire, Permis, Photo, EnvoiDocEnCours, Historique) VALUES (302, null, 'Mcdaniel', 'Lydia', 'P.O. Box 320, 3396 Phasellus St.', null, null, null, null, null, null, 'sem@luctuset.co.uk', null, null, null, null, null, null, null, 0, null, 0, null);
INSERT INTO alterplanning.dbo.Stagiaire (CodeStagiaire, Civilite, Nom, Prenom, Adresse1, Adresse2, Adresse3, Codepostal, Ville, TelephoneFixe, TelephonePortable, Email, DateNaissance, CodeRegion, CodeNationalite, CodeOrigineMedia, DateDernierEnvoiDoc, DateCreation, Repertoire, Permis, Photo, EnvoiDocEnCours, Historique) VALUES (303, null, 'Cochran', 'Edward', '1005 Consectetuer Road', null, null, null, null, null, null, 'tincidunt.Donec@nibhenimgravida.co.uk', null, null, null, null, null, null, null, 0, null, 0, null);
INSERT INTO alterplanning.dbo.Stagiaire (CodeStagiaire, Civilite, Nom, Prenom, Adresse1, Adresse2, Adresse3, Codepostal, Ville, TelephoneFixe, TelephonePortable, Email, DateNaissance, CodeRegion, CodeNationalite, CodeOrigineMedia, DateDernierEnvoiDoc, DateCreation, Repertoire, Permis, Photo, EnvoiDocEnCours, Historique) VALUES (304, null, 'Ward', 'Velma', 'Ap #308-9255 Cum Rd.', null, null, null, null, null, null, 'Aenean.eget@nisiaodio.co.uk', null, null, null, null, null, null, null, 0, null, 0, null);
INSERT INTO alterplanning.dbo.Stagiaire (CodeStagiaire, Civilite, Nom, Prenom, Adresse1, Adresse2, Adresse3, Codepostal, Ville, TelephoneFixe, TelephonePortable, Email, DateNaissance, CodeRegion, CodeNationalite, CodeOrigineMedia, DateDernierEnvoiDoc, DateCreation, Repertoire, Permis, Photo, EnvoiDocEnCours, Historique) VALUES (305, null, 'Monroe', 'Lewis', '241-6405 Morbi Ave', null, null, null, null, null, null, 'nulla.ante.iaculis@imperdietullamcorper.com', null, null, null, null, null, null, null, 0, null, 0, null);
INSERT INTO alterplanning.dbo.Stagiaire (CodeStagiaire, Civilite, Nom, Prenom, Adresse1, Adresse2, Adresse3, Codepostal, Ville, TelephoneFixe, TelephonePortable, Email, DateNaissance, CodeRegion, CodeNationalite, CodeOrigineMedia, DateDernierEnvoiDoc, DateCreation, Repertoire, Permis, Photo, EnvoiDocEnCours, Historique) VALUES (306, null, 'Lara', 'Mark', '690-9802 Gravida Ave', null, null, null, null, null, null, 'cursus.purus@velitjustonec.org', null, null, null, null, null, null, null, 0, null, 0, null);
INSERT INTO alterplanning.dbo.Stagiaire (CodeStagiaire, Civilite, Nom, Prenom, Adresse1, Adresse2, Adresse3, Codepostal, Ville, TelephoneFixe, TelephonePortable, Email, DateNaissance, CodeRegion, CodeNationalite, CodeOrigineMedia, DateDernierEnvoiDoc, DateCreation, Repertoire, Permis, Photo, EnvoiDocEnCours, Historique) VALUES (307, null, 'Hodges', 'Lavinia', '479-9714 Tortor. Rd.', null, null, null, null, null, null, 'nec.quam@Morbiaccumsanlaoreet.net', null, null, null, null, null, null, null, 0, null, 0, null);
INSERT INTO alterplanning.dbo.Stagiaire (CodeStagiaire, Civilite, Nom, Prenom, Adresse1, Adresse2, Adresse3, Codepostal, Ville, TelephoneFixe, TelephonePortable, Email, DateNaissance, CodeRegion, CodeNationalite, CodeOrigineMedia, DateDernierEnvoiDoc, DateCreation, Repertoire, Permis, Photo, EnvoiDocEnCours, Historique) VALUES (308, null, 'Cote', 'Quynn', '119-322 Et Rd.', null, null, null, null, null, null, 'tristique.pellentesque@semperpretiumneque.com', null, null, null, null, null, null, null, 0, null, 0, null);
INSERT INTO alterplanning.dbo.Stagiaire (CodeStagiaire, Civilite, Nom, Prenom, Adresse1, Adresse2, Adresse3, Codepostal, Ville, TelephoneFixe, TelephonePortable, Email, DateNaissance, CodeRegion, CodeNationalite, CodeOrigineMedia, DateDernierEnvoiDoc, DateCreation, Repertoire, Permis, Photo, EnvoiDocEnCours, Historique) VALUES (309, null, 'Chapman', 'Walker', '594-4445 Fringilla St.', null, null, null, null, null, null, 'Aliquam.auctor@rhoncusNullamvelit.com', null, null, null, null, null, null, null, 0, null, 0, null);
INSERT INTO alterplanning.dbo.Stagiaire (CodeStagiaire, Civilite, Nom, Prenom, Adresse1, Adresse2, Adresse3, Codepostal, Ville, TelephoneFixe, TelephonePortable, Email, DateNaissance, CodeRegion, CodeNationalite, CodeOrigineMedia, DateDernierEnvoiDoc, DateCreation, Repertoire, Permis, Photo, EnvoiDocEnCours, Historique) VALUES (310, null, 'Grant', 'Damon', 'Ap #920-3157 Auctor Avenue', null, null, null, null, null, null, 'blandit@dictummagnaUt.org', null, null, null, null, null, null, null, 0, null, 0, null);


/****** [dbo].[Entreprise] ******/
SET IDENTITY_INSERT alterplanning.dbo.Stagiaire OFF;
SET IDENTITY_INSERT alterplanning.dbo.Entreprise ON;
INSERT INTO alterplanning.dbo.Entreprise (CodeEntreprise, RaisonSociale, Adresse1, Adresse2, Adresse3, CodePostal, Ville, Telephone, Fax, SiteWeb, Email, Observation, CodeTypeEntreprise, CodeRegion, CodeSecteur, CodeOrganisme, NomCommercial, siret, CodeContactEni, CodeOrganismeFavoris) VALUES (31, 'Gravida Sagittis Institute', null, null, null, null, null, null, null, null, 'netus.et.malesuada@Maecenas.co.uk', null, '', '', 0, null, null, null, null, null);
INSERT INTO alterplanning.dbo.Entreprise (CodeEntreprise, RaisonSociale, Adresse1, Adresse2, Adresse3, CodePostal, Ville, Telephone, Fax, SiteWeb, Email, Observation, CodeTypeEntreprise, CodeRegion, CodeSecteur, CodeOrganisme, NomCommercial, siret, CodeContactEni, CodeOrganismeFavoris) VALUES (32, 'Nisi Nibh Institute', null, null, null, null, null, null, null, null, 'nec.ligula.consectetuer@luctus.edu', null, '', '', 0, null, null, null, null, null);
INSERT INTO alterplanning.dbo.Entreprise (CodeEntreprise, RaisonSociale, Adresse1, Adresse2, Adresse3, CodePostal, Ville, Telephone, Fax, SiteWeb, Email, Observation, CodeTypeEntreprise, CodeRegion, CodeSecteur, CodeOrganisme, NomCommercial, siret, CodeContactEni, CodeOrganismeFavoris) VALUES (33, 'Parturient LLP', null, null, null, null, null, null, null, null, 'lacus.Etiam@dolor.org', null, '', '', 0, null, null, null, null, null);
INSERT INTO alterplanning.dbo.Entreprise (CodeEntreprise, RaisonSociale, Adresse1, Adresse2, Adresse3, CodePostal, Ville, Telephone, Fax, SiteWeb, Email, Observation, CodeTypeEntreprise, CodeRegion, CodeSecteur, CodeOrganisme, NomCommercial, siret, CodeContactEni, CodeOrganismeFavoris) VALUES (34, 'Accumsan Convallis Incorporated', null, null, null, null, null, null, null, null, 'ultricies@semperNam.edu', null, '', '', 0, null, null, null, null, null);
INSERT INTO alterplanning.dbo.Entreprise (CodeEntreprise, RaisonSociale, Adresse1, Adresse2, Adresse3, CodePostal, Ville, Telephone, Fax, SiteWeb, Email, Observation, CodeTypeEntreprise, CodeRegion, CodeSecteur, CodeOrganisme, NomCommercial, siret, CodeContactEni, CodeOrganismeFavoris) VALUES (35, 'Dui Lectus Incorporated', null, null, null, null, null, null, null, null, 'commodo.hendrerit@magnaCrasconvallis.edu', null, '', '', 0, null, null, null, null, null);
INSERT INTO alterplanning.dbo.Entreprise (CodeEntreprise, RaisonSociale, Adresse1, Adresse2, Adresse3, CodePostal, Ville, Telephone, Fax, SiteWeb, Email, Observation, CodeTypeEntreprise, CodeRegion, CodeSecteur, CodeOrganisme, NomCommercial, siret, CodeContactEni, CodeOrganismeFavoris) VALUES (36, 'Vitae Aliquam Eros PC', null, null, null, null, null, null, null, null, 'nec.tempus@ipsumnon.co.uk', null, '', '', 0, null, null, null, null, null);
INSERT INTO alterplanning.dbo.Entreprise (CodeEntreprise, RaisonSociale, Adresse1, Adresse2, Adresse3, CodePostal, Ville, Telephone, Fax, SiteWeb, Email, Observation, CodeTypeEntreprise, CodeRegion, CodeSecteur, CodeOrganisme, NomCommercial, siret, CodeContactEni, CodeOrganismeFavoris) VALUES (37, 'Vivamus Limited', null, null, null, null, null, null, null, null, 'nascetur.ridiculus.mus@consectetuermaurisid.org', null, '', '', 0, null, null, null, null, null);
INSERT INTO alterplanning.dbo.Entreprise (CodeEntreprise, RaisonSociale, Adresse1, Adresse2, Adresse3, CodePostal, Ville, Telephone, Fax, SiteWeb, Email, Observation, CodeTypeEntreprise, CodeRegion, CodeSecteur, CodeOrganisme, NomCommercial, siret, CodeContactEni, CodeOrganismeFavoris) VALUES (38, 'Diam Proin Limited', null, null, null, null, null, null, null, null, 'mi.pede.nonummy@felisNulla.org', null, '', '', 0, null, null, null, null, null);
INSERT INTO alterplanning.dbo.Entreprise (CodeEntreprise, RaisonSociale, Adresse1, Adresse2, Adresse3, CodePostal, Ville, Telephone, Fax, SiteWeb, Email, Observation, CodeTypeEntreprise, CodeRegion, CodeSecteur, CodeOrganisme, NomCommercial, siret, CodeContactEni, CodeOrganismeFavoris) VALUES (39, 'Proin Inc.', null, null, null, null, null, null, null, null, 'aliquam.adipiscing.lacus@acurnaUt.net', null, '', '', 0, null, null, null, null, null);
INSERT INTO alterplanning.dbo.Entreprise (CodeEntreprise, RaisonSociale, Adresse1, Adresse2, Adresse3, CodePostal, Ville, Telephone, Fax, SiteWeb, Email, Observation, CodeTypeEntreprise, CodeRegion, CodeSecteur, CodeOrganisme, NomCommercial, siret, CodeContactEni, CodeOrganismeFavoris) VALUES (40, 'Consectetuer Adipiscing Elit Corporation', null, null, null, null, null, null, null, null, 'Nam.ac.nulla@pedeultricesa.co.uk', null, '', '', 0, null, null, null, null, null);
INSERT INTO alterplanning.dbo.Entreprise (CodeEntreprise, RaisonSociale, Adresse1, Adresse2, Adresse3, CodePostal, Ville, Telephone, Fax, SiteWeb, Email, Observation, CodeTypeEntreprise, CodeRegion, CodeSecteur, CodeOrganisme, NomCommercial, siret, CodeContactEni, CodeOrganismeFavoris) VALUES (41, 'Purus PC', null, null, null, null, null, null, null, null, 'iaculis@ipsum.edu', null, '', '', 0, null, null, null, null, null);
INSERT INTO alterplanning.dbo.Entreprise (CodeEntreprise, RaisonSociale, Adresse1, Adresse2, Adresse3, CodePostal, Ville, Telephone, Fax, SiteWeb, Email, Observation, CodeTypeEntreprise, CodeRegion, CodeSecteur, CodeOrganisme, NomCommercial, siret, CodeContactEni, CodeOrganismeFavoris) VALUES (42, 'Lectus Sit Amet LLC', null, null, null, null, null, null, null, null, 'Sed.nec@vestibulumloremsit.org', null, '', '', 0, null, null, null, null, null);
INSERT INTO alterplanning.dbo.Entreprise (CodeEntreprise, RaisonSociale, Adresse1, Adresse2, Adresse3, CodePostal, Ville, Telephone, Fax, SiteWeb, Email, Observation, CodeTypeEntreprise, CodeRegion, CodeSecteur, CodeOrganisme, NomCommercial, siret, CodeContactEni, CodeOrganismeFavoris) VALUES (43, 'Dui Corp.', null, null, null, null, null, null, null, null, 'dui.in@lectus.ca', null, '', '', 0, null, null, null, null, null);
INSERT INTO alterplanning.dbo.Entreprise (CodeEntreprise, RaisonSociale, Adresse1, Adresse2, Adresse3, CodePostal, Ville, Telephone, Fax, SiteWeb, Email, Observation, CodeTypeEntreprise, CodeRegion, CodeSecteur, CodeOrganisme, NomCommercial, siret, CodeContactEni, CodeOrganismeFavoris) VALUES (44, 'Et Euismod Et Limited', null, null, null, null, null, null, null, null, 'sit.amet@turpisAliquamadipiscing.ca', null, '', '', 0, null, null, null, null, null);
INSERT INTO alterplanning.dbo.Entreprise (CodeEntreprise, RaisonSociale, Adresse1, Adresse2, Adresse3, CodePostal, Ville, Telephone, Fax, SiteWeb, Email, Observation, CodeTypeEntreprise, CodeRegion, CodeSecteur, CodeOrganisme, NomCommercial, siret, CodeContactEni, CodeOrganismeFavoris) VALUES (45, 'Ac Associates', null, null, null, null, null, null, null, null, 'dignissim@semper.co.uk', null, '', '', 0, null, null, null, null, null);
INSERT INTO alterplanning.dbo.Entreprise (CodeEntreprise, RaisonSociale, Adresse1, Adresse2, Adresse3, CodePostal, Ville, Telephone, Fax, SiteWeb, Email, Observation, CodeTypeEntreprise, CodeRegion, CodeSecteur, CodeOrganisme, NomCommercial, siret, CodeContactEni, CodeOrganismeFavoris) VALUES (46, 'Metus Vitae Industries', null, null, null, null, null, null, null, null, 'amet@maurisidsapien.edu', null, '', '', 0, null, null, null, null, null);
INSERT INTO alterplanning.dbo.Entreprise (CodeEntreprise, RaisonSociale, Adresse1, Adresse2, Adresse3, CodePostal, Ville, Telephone, Fax, SiteWeb, Email, Observation, CodeTypeEntreprise, CodeRegion, CodeSecteur, CodeOrganisme, NomCommercial, siret, CodeContactEni, CodeOrganismeFavoris) VALUES (47, 'Mollis Integer Tincidunt LLC', null, null, null, null, null, null, null, null, 'faucibus.orci@lectusante.ca', null, '', '', 0, null, null, null, null, null);
INSERT INTO alterplanning.dbo.Entreprise (CodeEntreprise, RaisonSociale, Adresse1, Adresse2, Adresse3, CodePostal, Ville, Telephone, Fax, SiteWeb, Email, Observation, CodeTypeEntreprise, CodeRegion, CodeSecteur, CodeOrganisme, NomCommercial, siret, CodeContactEni, CodeOrganismeFavoris) VALUES (48, 'Morbi Foundation', null, null, null, null, null, null, null, null, 'iaculis@maurisut.co.uk', null, '', '', 0, null, null, null, null, null);
INSERT INTO alterplanning.dbo.Entreprise (CodeEntreprise, RaisonSociale, Adresse1, Adresse2, Adresse3, CodePostal, Ville, Telephone, Fax, SiteWeb, Email, Observation, CodeTypeEntreprise, CodeRegion, CodeSecteur, CodeOrganisme, NomCommercial, siret, CodeContactEni, CodeOrganismeFavoris) VALUES (49, 'Nec Malesuada Ut Industries', null, null, null, null, null, null, null, null, 'sed@duinec.org', null, '', '', 0, null, null, null, null, null);
INSERT INTO alterplanning.dbo.Entreprise (CodeEntreprise, RaisonSociale, Adresse1, Adresse2, Adresse3, CodePostal, Ville, Telephone, Fax, SiteWeb, Email, Observation, CodeTypeEntreprise, CodeRegion, CodeSecteur, CodeOrganisme, NomCommercial, siret, CodeContactEni, CodeOrganismeFavoris) VALUES (50, 'Tellus Imperdiet Non Incorporated', null, null, null, null, null, null, null, null, 'sed.hendrerit.a@lacusAliquamrutrum.edu', null, '', '', 0, null, null, null, null, null);
INSERT INTO alterplanning.dbo.Entreprise (CodeEntreprise, RaisonSociale, Adresse1, Adresse2, Adresse3, CodePostal, Ville, Telephone, Fax, SiteWeb, Email, Observation, CodeTypeEntreprise, CodeRegion, CodeSecteur, CodeOrganisme, NomCommercial, siret, CodeContactEni, CodeOrganismeFavoris) VALUES (51, 'Quis Diam Corp.', null, null, null, null, null, null, null, null, 'Vivamus@Nuncsed.com', null, '', '', 0, null, null, null, null, null);
INSERT INTO alterplanning.dbo.Entreprise (CodeEntreprise, RaisonSociale, Adresse1, Adresse2, Adresse3, CodePostal, Ville, Telephone, Fax, SiteWeb, Email, Observation, CodeTypeEntreprise, CodeRegion, CodeSecteur, CodeOrganisme, NomCommercial, siret, CodeContactEni, CodeOrganismeFavoris) VALUES (52, 'Et Netus Foundation', null, null, null, null, null, null, null, null, 'lectus.pede@quamvelsapien.net', null, '', '', 0, null, null, null, null, null);
INSERT INTO alterplanning.dbo.Entreprise (CodeEntreprise, RaisonSociale, Adresse1, Adresse2, Adresse3, CodePostal, Ville, Telephone, Fax, SiteWeb, Email, Observation, CodeTypeEntreprise, CodeRegion, CodeSecteur, CodeOrganisme, NomCommercial, siret, CodeContactEni, CodeOrganismeFavoris) VALUES (53, 'Eget Company', null, null, null, null, null, null, null, null, 'eget.dictum.placerat@hendreritDonecporttitor.co.uk', null, '', '', 0, null, null, null, null, null);
INSERT INTO alterplanning.dbo.Entreprise (CodeEntreprise, RaisonSociale, Adresse1, Adresse2, Adresse3, CodePostal, Ville, Telephone, Fax, SiteWeb, Email, Observation, CodeTypeEntreprise, CodeRegion, CodeSecteur, CodeOrganisme, NomCommercial, siret, CodeContactEni, CodeOrganismeFavoris) VALUES (54, 'Eleifend Company', null, null, null, null, null, null, null, null, 'In.lorem@vestibulumMaurismagna.com', null, '', '', 0, null, null, null, null, null);
INSERT INTO alterplanning.dbo.Entreprise (CodeEntreprise, RaisonSociale, Adresse1, Adresse2, Adresse3, CodePostal, Ville, Telephone, Fax, SiteWeb, Email, Observation, CodeTypeEntreprise, CodeRegion, CodeSecteur, CodeOrganisme, NomCommercial, siret, CodeContactEni, CodeOrganismeFavoris) VALUES (55, 'Montes Nascetur Ridiculus Consulting', null, null, null, null, null, null, null, null, 'gravida.sagittis.Duis@nasceturridiculusmus.com', null, '', '', 0, null, null, null, null, null);
INSERT INTO alterplanning.dbo.Entreprise (CodeEntreprise, RaisonSociale, Adresse1, Adresse2, Adresse3, CodePostal, Ville, Telephone, Fax, SiteWeb, Email, Observation, CodeTypeEntreprise, CodeRegion, CodeSecteur, CodeOrganisme, NomCommercial, siret, CodeContactEni, CodeOrganismeFavoris) VALUES (56, 'Duis LLC', null, null, null, null, null, null, null, null, 'arcu.Nunc.mauris@scelerisque.net', null, '', '', 0, null, null, null, null, null);
INSERT INTO alterplanning.dbo.Entreprise (CodeEntreprise, RaisonSociale, Adresse1, Adresse2, Adresse3, CodePostal, Ville, Telephone, Fax, SiteWeb, Email, Observation, CodeTypeEntreprise, CodeRegion, CodeSecteur, CodeOrganisme, NomCommercial, siret, CodeContactEni, CodeOrganismeFavoris) VALUES (57, 'Euismod LLC', null, null, null, null, null, null, null, null, 'velit.Sed@nislNullaeu.edu', null, '', '', 0, null, null, null, null, null);
INSERT INTO alterplanning.dbo.Entreprise (CodeEntreprise, RaisonSociale, Adresse1, Adresse2, Adresse3, CodePostal, Ville, Telephone, Fax, SiteWeb, Email, Observation, CodeTypeEntreprise, CodeRegion, CodeSecteur, CodeOrganisme, NomCommercial, siret, CodeContactEni, CodeOrganismeFavoris) VALUES (58, 'Mauris Corp.', null, null, null, null, null, null, null, null, 'tincidunt.congue@Sedauctorodio.co.uk', null, '', '', 0, null, null, null, null, null);
INSERT INTO alterplanning.dbo.Entreprise (CodeEntreprise, RaisonSociale, Adresse1, Adresse2, Adresse3, CodePostal, Ville, Telephone, Fax, SiteWeb, Email, Observation, CodeTypeEntreprise, CodeRegion, CodeSecteur, CodeOrganisme, NomCommercial, siret, CodeContactEni, CodeOrganismeFavoris) VALUES (59, 'Nec Eleifend LLP', null, null, null, null, null, null, null, null, 'Aliquam@ridiculus.net', null, '', '', 0, null, null, null, null, null);
INSERT INTO alterplanning.dbo.Entreprise (CodeEntreprise, RaisonSociale, Adresse1, Adresse2, Adresse3, CodePostal, Ville, Telephone, Fax, SiteWeb, Email, Observation, CodeTypeEntreprise, CodeRegion, CodeSecteur, CodeOrganisme, NomCommercial, siret, CodeContactEni, CodeOrganismeFavoris) VALUES (60, 'Orci Adipiscing Non Inc.', null, null, null, null, null, null, null, null, 'nulla.Integer.urna@telluseu.org', null, '', '', 0, null, null, null, null, null);


/****** [dbo].[StagiaireParEntreprise] ******/
SET IDENTITY_INSERT alterplanning.dbo.Entreprise OFF;
SET IDENTITY_INSERT alterplanning.dbo.StagiaireParEntreprise ON;
INSERT INTO alterplanning.dbo.StagiaireParEntreprise (CodeStagiaire, CodeEntreprise, DateLien, CodeTypeLien, DateDebutEnEts, DateFinEnEts, CodeFonction, Commentaire, NumLien, CodeTuteur, ResponsableEts, GererPar, Interruption, SujetStage, TitreVise, CodeContactEni) VALUES (211, 37, '2018-10-02 23:26:24.000', '', null, null, null, null, 202, null, null, null, null, null, null, null);
INSERT INTO alterplanning.dbo.StagiaireParEntreprise (CodeStagiaire, CodeEntreprise, DateLien, CodeTypeLien, DateDebutEnEts, DateFinEnEts, CodeFonction, Commentaire, NumLien, CodeTuteur, ResponsableEts, GererPar, Interruption, SujetStage, TitreVise, CodeContactEni) VALUES (212, 57, '2017-11-10 06:55:25.000', '', null, null, null, null, 203, null, null, null, null, null, null, null);
INSERT INTO alterplanning.dbo.StagiaireParEntreprise (CodeStagiaire, CodeEntreprise, DateLien, CodeTypeLien, DateDebutEnEts, DateFinEnEts, CodeFonction, Commentaire, NumLien, CodeTuteur, ResponsableEts, GererPar, Interruption, SujetStage, TitreVise, CodeContactEni) VALUES (213, 58, '2018-07-24 20:53:26.000', '', null, null, null, null, 204, null, null, null, null, null, null, null);
INSERT INTO alterplanning.dbo.StagiaireParEntreprise (CodeStagiaire, CodeEntreprise, DateLien, CodeTypeLien, DateDebutEnEts, DateFinEnEts, CodeFonction, Commentaire, NumLien, CodeTuteur, ResponsableEts, GererPar, Interruption, SujetStage, TitreVise, CodeContactEni) VALUES (214, 32, '2018-01-08 01:11:56.000', '', null, null, null, null, 205, null, null, null, null, null, null, null);
INSERT INTO alterplanning.dbo.StagiaireParEntreprise (CodeStagiaire, CodeEntreprise, DateLien, CodeTypeLien, DateDebutEnEts, DateFinEnEts, CodeFonction, Commentaire, NumLien, CodeTuteur, ResponsableEts, GererPar, Interruption, SujetStage, TitreVise, CodeContactEni) VALUES (215, 31, '2018-02-07 03:45:43.000', '', null, null, null, null, 206, null, null, null, null, null, null, null);
INSERT INTO alterplanning.dbo.StagiaireParEntreprise (CodeStagiaire, CodeEntreprise, DateLien, CodeTypeLien, DateDebutEnEts, DateFinEnEts, CodeFonction, Commentaire, NumLien, CodeTuteur, ResponsableEts, GererPar, Interruption, SujetStage, TitreVise, CodeContactEni) VALUES (216, 45, '2019-05-07 19:57:51.000', '', null, null, null, null, 207, null, null, null, null, null, null, null);
INSERT INTO alterplanning.dbo.StagiaireParEntreprise (CodeStagiaire, CodeEntreprise, DateLien, CodeTypeLien, DateDebutEnEts, DateFinEnEts, CodeFonction, Commentaire, NumLien, CodeTuteur, ResponsableEts, GererPar, Interruption, SujetStage, TitreVise, CodeContactEni) VALUES (217, 46, '2019-04-09 16:17:57.000', '', null, null, null, null, 208, null, null, null, null, null, null, null);
INSERT INTO alterplanning.dbo.StagiaireParEntreprise (CodeStagiaire, CodeEntreprise, DateLien, CodeTypeLien, DateDebutEnEts, DateFinEnEts, CodeFonction, Commentaire, NumLien, CodeTuteur, ResponsableEts, GererPar, Interruption, SujetStage, TitreVise, CodeContactEni) VALUES (218, 55, '2019-01-25 03:12:32.000', '', null, null, null, null, 209, null, null, null, null, null, null, null);
INSERT INTO alterplanning.dbo.StagiaireParEntreprise (CodeStagiaire, CodeEntreprise, DateLien, CodeTypeLien, DateDebutEnEts, DateFinEnEts, CodeFonction, Commentaire, NumLien, CodeTuteur, ResponsableEts, GererPar, Interruption, SujetStage, TitreVise, CodeContactEni) VALUES (219, 53, '2018-04-20 01:39:56.000', '', null, null, null, null, 210, null, null, null, null, null, null, null);
INSERT INTO alterplanning.dbo.StagiaireParEntreprise (CodeStagiaire, CodeEntreprise, DateLien, CodeTypeLien, DateDebutEnEts, DateFinEnEts, CodeFonction, Commentaire, NumLien, CodeTuteur, ResponsableEts, GererPar, Interruption, SujetStage, TitreVise, CodeContactEni) VALUES (220, 47, '2018-03-23 17:58:36.000', '', null, null, null, null, 211, null, null, null, null, null, null, null);
INSERT INTO alterplanning.dbo.StagiaireParEntreprise (CodeStagiaire, CodeEntreprise, DateLien, CodeTypeLien, DateDebutEnEts, DateFinEnEts, CodeFonction, Commentaire, NumLien, CodeTuteur, ResponsableEts, GererPar, Interruption, SujetStage, TitreVise, CodeContactEni) VALUES (221, 53, '2018-02-15 04:21:14.000', '', null, null, null, null, 212, null, null, null, null, null, null, null);
INSERT INTO alterplanning.dbo.StagiaireParEntreprise (CodeStagiaire, CodeEntreprise, DateLien, CodeTypeLien, DateDebutEnEts, DateFinEnEts, CodeFonction, Commentaire, NumLien, CodeTuteur, ResponsableEts, GererPar, Interruption, SujetStage, TitreVise, CodeContactEni) VALUES (222, 35, '2018-09-24 07:02:17.000', '', null, null, null, null, 213, null, null, null, null, null, null, null);
INSERT INTO alterplanning.dbo.StagiaireParEntreprise (CodeStagiaire, CodeEntreprise, DateLien, CodeTypeLien, DateDebutEnEts, DateFinEnEts, CodeFonction, Commentaire, NumLien, CodeTuteur, ResponsableEts, GererPar, Interruption, SujetStage, TitreVise, CodeContactEni) VALUES (223, 46, '2018-08-08 15:43:00.000', '', null, null, null, null, 214, null, null, null, null, null, null, null);
INSERT INTO alterplanning.dbo.StagiaireParEntreprise (CodeStagiaire, CodeEntreprise, DateLien, CodeTypeLien, DateDebutEnEts, DateFinEnEts, CodeFonction, Commentaire, NumLien, CodeTuteur, ResponsableEts, GererPar, Interruption, SujetStage, TitreVise, CodeContactEni) VALUES (224, 41, '2017-10-19 14:50:14.000', '', null, null, null, null, 215, null, null, null, null, null, null, null);
INSERT INTO alterplanning.dbo.StagiaireParEntreprise (CodeStagiaire, CodeEntreprise, DateLien, CodeTypeLien, DateDebutEnEts, DateFinEnEts, CodeFonction, Commentaire, NumLien, CodeTuteur, ResponsableEts, GererPar, Interruption, SujetStage, TitreVise, CodeContactEni) VALUES (225, 37, '2018-10-10 10:02:23.000', '', null, null, null, null, 216, null, null, null, null, null, null, null);
INSERT INTO alterplanning.dbo.StagiaireParEntreprise (CodeStagiaire, CodeEntreprise, DateLien, CodeTypeLien, DateDebutEnEts, DateFinEnEts, CodeFonction, Commentaire, NumLien, CodeTuteur, ResponsableEts, GererPar, Interruption, SujetStage, TitreVise, CodeContactEni) VALUES (226, 36, '2018-05-11 12:26:44.000', '', null, null, null, null, 217, null, null, null, null, null, null, null);
INSERT INTO alterplanning.dbo.StagiaireParEntreprise (CodeStagiaire, CodeEntreprise, DateLien, CodeTypeLien, DateDebutEnEts, DateFinEnEts, CodeFonction, Commentaire, NumLien, CodeTuteur, ResponsableEts, GererPar, Interruption, SujetStage, TitreVise, CodeContactEni) VALUES (227, 55, '2017-12-02 16:04:46.000', '', null, null, null, null, 218, null, null, null, null, null, null, null);
INSERT INTO alterplanning.dbo.StagiaireParEntreprise (CodeStagiaire, CodeEntreprise, DateLien, CodeTypeLien, DateDebutEnEts, DateFinEnEts, CodeFonction, Commentaire, NumLien, CodeTuteur, ResponsableEts, GererPar, Interruption, SujetStage, TitreVise, CodeContactEni) VALUES (228, 52, '2017-06-29 02:06:30.000', '', null, null, null, null, 219, null, null, null, null, null, null, null);
INSERT INTO alterplanning.dbo.StagiaireParEntreprise (CodeStagiaire, CodeEntreprise, DateLien, CodeTypeLien, DateDebutEnEts, DateFinEnEts, CodeFonction, Commentaire, NumLien, CodeTuteur, ResponsableEts, GererPar, Interruption, SujetStage, TitreVise, CodeContactEni) VALUES (229, 31, '2018-09-20 18:44:52.000', '', null, null, null, null, 220, null, null, null, null, null, null, null);
INSERT INTO alterplanning.dbo.StagiaireParEntreprise (CodeStagiaire, CodeEntreprise, DateLien, CodeTypeLien, DateDebutEnEts, DateFinEnEts, CodeFonction, Commentaire, NumLien, CodeTuteur, ResponsableEts, GererPar, Interruption, SujetStage, TitreVise, CodeContactEni) VALUES (230, 35, '2018-06-16 07:50:22.000', '', null, null, null, null, 221, null, null, null, null, null, null, null);
INSERT INTO alterplanning.dbo.StagiaireParEntreprise (CodeStagiaire, CodeEntreprise, DateLien, CodeTypeLien, DateDebutEnEts, DateFinEnEts, CodeFonction, Commentaire, NumLien, CodeTuteur, ResponsableEts, GererPar, Interruption, SujetStage, TitreVise, CodeContactEni) VALUES (231, 43, '2018-12-24 09:34:57.000', '', null, null, null, null, 222, null, null, null, null, null, null, null);
INSERT INTO alterplanning.dbo.StagiaireParEntreprise (CodeStagiaire, CodeEntreprise, DateLien, CodeTypeLien, DateDebutEnEts, DateFinEnEts, CodeFonction, Commentaire, NumLien, CodeTuteur, ResponsableEts, GererPar, Interruption, SujetStage, TitreVise, CodeContactEni) VALUES (232, 53, '2019-04-13 15:54:18.000', '', null, null, null, null, 223, null, null, null, null, null, null, null);
INSERT INTO alterplanning.dbo.StagiaireParEntreprise (CodeStagiaire, CodeEntreprise, DateLien, CodeTypeLien, DateDebutEnEts, DateFinEnEts, CodeFonction, Commentaire, NumLien, CodeTuteur, ResponsableEts, GererPar, Interruption, SujetStage, TitreVise, CodeContactEni) VALUES (233, 40, '2018-01-06 20:00:23.000', '', null, null, null, null, 224, null, null, null, null, null, null, null);
INSERT INTO alterplanning.dbo.StagiaireParEntreprise (CodeStagiaire, CodeEntreprise, DateLien, CodeTypeLien, DateDebutEnEts, DateFinEnEts, CodeFonction, Commentaire, NumLien, CodeTuteur, ResponsableEts, GererPar, Interruption, SujetStage, TitreVise, CodeContactEni) VALUES (234, 34, '2018-11-04 11:22:02.000', '', null, null, null, null, 225, null, null, null, null, null, null, null);
INSERT INTO alterplanning.dbo.StagiaireParEntreprise (CodeStagiaire, CodeEntreprise, DateLien, CodeTypeLien, DateDebutEnEts, DateFinEnEts, CodeFonction, Commentaire, NumLien, CodeTuteur, ResponsableEts, GererPar, Interruption, SujetStage, TitreVise, CodeContactEni) VALUES (235, 32, '2019-03-23 11:33:53.000', '', null, null, null, null, 226, null, null, null, null, null, null, null);
INSERT INTO alterplanning.dbo.StagiaireParEntreprise (CodeStagiaire, CodeEntreprise, DateLien, CodeTypeLien, DateDebutEnEts, DateFinEnEts, CodeFonction, Commentaire, NumLien, CodeTuteur, ResponsableEts, GererPar, Interruption, SujetStage, TitreVise, CodeContactEni) VALUES (236, 31, '2019-04-09 01:07:44.000', '', null, null, null, null, 227, null, null, null, null, null, null, null);
INSERT INTO alterplanning.dbo.StagiaireParEntreprise (CodeStagiaire, CodeEntreprise, DateLien, CodeTypeLien, DateDebutEnEts, DateFinEnEts, CodeFonction, Commentaire, NumLien, CodeTuteur, ResponsableEts, GererPar, Interruption, SujetStage, TitreVise, CodeContactEni) VALUES (237, 48, '2019-01-27 05:07:00.000', '', null, null, null, null, 228, null, null, null, null, null, null, null);
INSERT INTO alterplanning.dbo.StagiaireParEntreprise (CodeStagiaire, CodeEntreprise, DateLien, CodeTypeLien, DateDebutEnEts, DateFinEnEts, CodeFonction, Commentaire, NumLien, CodeTuteur, ResponsableEts, GererPar, Interruption, SujetStage, TitreVise, CodeContactEni) VALUES (238, 41, '2018-11-04 17:30:24.000', '', null, null, null, null, 229, null, null, null, null, null, null, null);
INSERT INTO alterplanning.dbo.StagiaireParEntreprise (CodeStagiaire, CodeEntreprise, DateLien, CodeTypeLien, DateDebutEnEts, DateFinEnEts, CodeFonction, Commentaire, NumLien, CodeTuteur, ResponsableEts, GererPar, Interruption, SujetStage, TitreVise, CodeContactEni) VALUES (239, 44, '2018-07-09 12:34:56.000', '', null, null, null, null, 230, null, null, null, null, null, null, null);
INSERT INTO alterplanning.dbo.StagiaireParEntreprise (CodeStagiaire, CodeEntreprise, DateLien, CodeTypeLien, DateDebutEnEts, DateFinEnEts, CodeFonction, Commentaire, NumLien, CodeTuteur, ResponsableEts, GererPar, Interruption, SujetStage, TitreVise, CodeContactEni) VALUES (240, 59, '2017-08-01 17:58:39.000', '', null, null, null, null, 231, null, null, null, null, null, null, null);
INSERT INTO alterplanning.dbo.StagiaireParEntreprise (CodeStagiaire, CodeEntreprise, DateLien, CodeTypeLien, DateDebutEnEts, DateFinEnEts, CodeFonction, Commentaire, NumLien, CodeTuteur, ResponsableEts, GererPar, Interruption, SujetStage, TitreVise, CodeContactEni) VALUES (241, 36, '2017-08-28 18:01:19.000', '', null, null, null, null, 232, null, null, null, null, null, null, null);
INSERT INTO alterplanning.dbo.StagiaireParEntreprise (CodeStagiaire, CodeEntreprise, DateLien, CodeTypeLien, DateDebutEnEts, DateFinEnEts, CodeFonction, Commentaire, NumLien, CodeTuteur, ResponsableEts, GererPar, Interruption, SujetStage, TitreVise, CodeContactEni) VALUES (242, 40, '2017-12-18 05:19:24.000', '', null, null, null, null, 233, null, null, null, null, null, null, null);
INSERT INTO alterplanning.dbo.StagiaireParEntreprise (CodeStagiaire, CodeEntreprise, DateLien, CodeTypeLien, DateDebutEnEts, DateFinEnEts, CodeFonction, Commentaire, NumLien, CodeTuteur, ResponsableEts, GererPar, Interruption, SujetStage, TitreVise, CodeContactEni) VALUES (243, 54, '2018-02-05 03:05:10.000', '', null, null, null, null, 234, null, null, null, null, null, null, null);
INSERT INTO alterplanning.dbo.StagiaireParEntreprise (CodeStagiaire, CodeEntreprise, DateLien, CodeTypeLien, DateDebutEnEts, DateFinEnEts, CodeFonction, Commentaire, NumLien, CodeTuteur, ResponsableEts, GererPar, Interruption, SujetStage, TitreVise, CodeContactEni) VALUES (244, 35, '2018-02-11 19:41:53.000', '', null, null, null, null, 235, null, null, null, null, null, null, null);
INSERT INTO alterplanning.dbo.StagiaireParEntreprise (CodeStagiaire, CodeEntreprise, DateLien, CodeTypeLien, DateDebutEnEts, DateFinEnEts, CodeFonction, Commentaire, NumLien, CodeTuteur, ResponsableEts, GererPar, Interruption, SujetStage, TitreVise, CodeContactEni) VALUES (245, 45, '2018-11-20 02:06:36.000', '', null, null, null, null, 236, null, null, null, null, null, null, null);
INSERT INTO alterplanning.dbo.StagiaireParEntreprise (CodeStagiaire, CodeEntreprise, DateLien, CodeTypeLien, DateDebutEnEts, DateFinEnEts, CodeFonction, Commentaire, NumLien, CodeTuteur, ResponsableEts, GererPar, Interruption, SujetStage, TitreVise, CodeContactEni) VALUES (246, 54, '2017-12-31 18:26:22.000', '', null, null, null, null, 237, null, null, null, null, null, null, null);
INSERT INTO alterplanning.dbo.StagiaireParEntreprise (CodeStagiaire, CodeEntreprise, DateLien, CodeTypeLien, DateDebutEnEts, DateFinEnEts, CodeFonction, Commentaire, NumLien, CodeTuteur, ResponsableEts, GererPar, Interruption, SujetStage, TitreVise, CodeContactEni) VALUES (247, 39, '2017-06-04 17:01:42.000', '', null, null, null, null, 238, null, null, null, null, null, null, null);
INSERT INTO alterplanning.dbo.StagiaireParEntreprise (CodeStagiaire, CodeEntreprise, DateLien, CodeTypeLien, DateDebutEnEts, DateFinEnEts, CodeFonction, Commentaire, NumLien, CodeTuteur, ResponsableEts, GererPar, Interruption, SujetStage, TitreVise, CodeContactEni) VALUES (248, 56, '2019-02-25 22:20:04.000', '', null, null, null, null, 239, null, null, null, null, null, null, null);
INSERT INTO alterplanning.dbo.StagiaireParEntreprise (CodeStagiaire, CodeEntreprise, DateLien, CodeTypeLien, DateDebutEnEts, DateFinEnEts, CodeFonction, Commentaire, NumLien, CodeTuteur, ResponsableEts, GererPar, Interruption, SujetStage, TitreVise, CodeContactEni) VALUES (249, 47, '2018-07-10 11:29:29.000', '', null, null, null, null, 240, null, null, null, null, null, null, null);
INSERT INTO alterplanning.dbo.StagiaireParEntreprise (CodeStagiaire, CodeEntreprise, DateLien, CodeTypeLien, DateDebutEnEts, DateFinEnEts, CodeFonction, Commentaire, NumLien, CodeTuteur, ResponsableEts, GererPar, Interruption, SujetStage, TitreVise, CodeContactEni) VALUES (250, 52, '2017-06-24 20:17:04.000', '', null, null, null, null, 241, null, null, null, null, null, null, null);
INSERT INTO alterplanning.dbo.StagiaireParEntreprise (CodeStagiaire, CodeEntreprise, DateLien, CodeTypeLien, DateDebutEnEts, DateFinEnEts, CodeFonction, Commentaire, NumLien, CodeTuteur, ResponsableEts, GererPar, Interruption, SujetStage, TitreVise, CodeContactEni) VALUES (251, 36, '2018-05-02 15:38:01.000', '', null, null, null, null, 242, null, null, null, null, null, null, null);
INSERT INTO alterplanning.dbo.StagiaireParEntreprise (CodeStagiaire, CodeEntreprise, DateLien, CodeTypeLien, DateDebutEnEts, DateFinEnEts, CodeFonction, Commentaire, NumLien, CodeTuteur, ResponsableEts, GererPar, Interruption, SujetStage, TitreVise, CodeContactEni) VALUES (252, 57, '2019-01-15 01:39:03.000', '', null, null, null, null, 243, null, null, null, null, null, null, null);
INSERT INTO alterplanning.dbo.StagiaireParEntreprise (CodeStagiaire, CodeEntreprise, DateLien, CodeTypeLien, DateDebutEnEts, DateFinEnEts, CodeFonction, Commentaire, NumLien, CodeTuteur, ResponsableEts, GererPar, Interruption, SujetStage, TitreVise, CodeContactEni) VALUES (253, 35, '2017-10-26 07:41:07.000', '', null, null, null, null, 244, null, null, null, null, null, null, null);
INSERT INTO alterplanning.dbo.StagiaireParEntreprise (CodeStagiaire, CodeEntreprise, DateLien, CodeTypeLien, DateDebutEnEts, DateFinEnEts, CodeFonction, Commentaire, NumLien, CodeTuteur, ResponsableEts, GererPar, Interruption, SujetStage, TitreVise, CodeContactEni) VALUES (254, 55, '2019-01-04 06:22:39.000', '', null, null, null, null, 245, null, null, null, null, null, null, null);
INSERT INTO alterplanning.dbo.StagiaireParEntreprise (CodeStagiaire, CodeEntreprise, DateLien, CodeTypeLien, DateDebutEnEts, DateFinEnEts, CodeFonction, Commentaire, NumLien, CodeTuteur, ResponsableEts, GererPar, Interruption, SujetStage, TitreVise, CodeContactEni) VALUES (255, 35, '2019-02-01 01:44:26.000', '', null, null, null, null, 246, null, null, null, null, null, null, null);
INSERT INTO alterplanning.dbo.StagiaireParEntreprise (CodeStagiaire, CodeEntreprise, DateLien, CodeTypeLien, DateDebutEnEts, DateFinEnEts, CodeFonction, Commentaire, NumLien, CodeTuteur, ResponsableEts, GererPar, Interruption, SujetStage, TitreVise, CodeContactEni) VALUES (256, 44, '2019-05-02 02:44:56.000', '', null, null, null, null, 247, null, null, null, null, null, null, null);
INSERT INTO alterplanning.dbo.StagiaireParEntreprise (CodeStagiaire, CodeEntreprise, DateLien, CodeTypeLien, DateDebutEnEts, DateFinEnEts, CodeFonction, Commentaire, NumLien, CodeTuteur, ResponsableEts, GererPar, Interruption, SujetStage, TitreVise, CodeContactEni) VALUES (257, 49, '2018-07-17 04:27:55.000', '', null, null, null, null, 248, null, null, null, null, null, null, null);
INSERT INTO alterplanning.dbo.StagiaireParEntreprise (CodeStagiaire, CodeEntreprise, DateLien, CodeTypeLien, DateDebutEnEts, DateFinEnEts, CodeFonction, Commentaire, NumLien, CodeTuteur, ResponsableEts, GererPar, Interruption, SujetStage, TitreVise, CodeContactEni) VALUES (258, 48, '2019-05-02 08:17:12.000', '', null, null, null, null, 249, null, null, null, null, null, null, null);
INSERT INTO alterplanning.dbo.StagiaireParEntreprise (CodeStagiaire, CodeEntreprise, DateLien, CodeTypeLien, DateDebutEnEts, DateFinEnEts, CodeFonction, Commentaire, NumLien, CodeTuteur, ResponsableEts, GererPar, Interruption, SujetStage, TitreVise, CodeContactEni) VALUES (259, 57, '2019-01-08 05:35:44.000', '', null, null, null, null, 250, null, null, null, null, null, null, null);
INSERT INTO alterplanning.dbo.StagiaireParEntreprise (CodeStagiaire, CodeEntreprise, DateLien, CodeTypeLien, DateDebutEnEts, DateFinEnEts, CodeFonction, Commentaire, NumLien, CodeTuteur, ResponsableEts, GererPar, Interruption, SujetStage, TitreVise, CodeContactEni) VALUES (260, 46, '2019-03-25 05:05:36.000', '', null, null, null, null, 251, null, null, null, null, null, null, null);
INSERT INTO alterplanning.dbo.StagiaireParEntreprise (CodeStagiaire, CodeEntreprise, DateLien, CodeTypeLien, DateDebutEnEts, DateFinEnEts, CodeFonction, Commentaire, NumLien, CodeTuteur, ResponsableEts, GererPar, Interruption, SujetStage, TitreVise, CodeContactEni) VALUES (261, 36, '2019-01-09 01:51:33.000', '', null, null, null, null, 252, null, null, null, null, null, null, null);
INSERT INTO alterplanning.dbo.StagiaireParEntreprise (CodeStagiaire, CodeEntreprise, DateLien, CodeTypeLien, DateDebutEnEts, DateFinEnEts, CodeFonction, Commentaire, NumLien, CodeTuteur, ResponsableEts, GererPar, Interruption, SujetStage, TitreVise, CodeContactEni) VALUES (262, 59, '2018-12-03 22:55:11.000', '', null, null, null, null, 253, null, null, null, null, null, null, null);
INSERT INTO alterplanning.dbo.StagiaireParEntreprise (CodeStagiaire, CodeEntreprise, DateLien, CodeTypeLien, DateDebutEnEts, DateFinEnEts, CodeFonction, Commentaire, NumLien, CodeTuteur, ResponsableEts, GererPar, Interruption, SujetStage, TitreVise, CodeContactEni) VALUES (263, 42, '2018-02-03 19:38:26.000', '', null, null, null, null, 254, null, null, null, null, null, null, null);
INSERT INTO alterplanning.dbo.StagiaireParEntreprise (CodeStagiaire, CodeEntreprise, DateLien, CodeTypeLien, DateDebutEnEts, DateFinEnEts, CodeFonction, Commentaire, NumLien, CodeTuteur, ResponsableEts, GererPar, Interruption, SujetStage, TitreVise, CodeContactEni) VALUES (264, 42, '2019-01-15 13:30:31.000', '', null, null, null, null, 255, null, null, null, null, null, null, null);
INSERT INTO alterplanning.dbo.StagiaireParEntreprise (CodeStagiaire, CodeEntreprise, DateLien, CodeTypeLien, DateDebutEnEts, DateFinEnEts, CodeFonction, Commentaire, NumLien, CodeTuteur, ResponsableEts, GererPar, Interruption, SujetStage, TitreVise, CodeContactEni) VALUES (265, 59, '2018-01-13 21:39:13.000', '', null, null, null, null, 256, null, null, null, null, null, null, null);
INSERT INTO alterplanning.dbo.StagiaireParEntreprise (CodeStagiaire, CodeEntreprise, DateLien, CodeTypeLien, DateDebutEnEts, DateFinEnEts, CodeFonction, Commentaire, NumLien, CodeTuteur, ResponsableEts, GererPar, Interruption, SujetStage, TitreVise, CodeContactEni) VALUES (266, 45, '2018-06-26 10:05:52.000', '', null, null, null, null, 257, null, null, null, null, null, null, null);
INSERT INTO alterplanning.dbo.StagiaireParEntreprise (CodeStagiaire, CodeEntreprise, DateLien, CodeTypeLien, DateDebutEnEts, DateFinEnEts, CodeFonction, Commentaire, NumLien, CodeTuteur, ResponsableEts, GererPar, Interruption, SujetStage, TitreVise, CodeContactEni) VALUES (267, 32, '2017-07-17 16:13:32.000', '', null, null, null, null, 258, null, null, null, null, null, null, null);
INSERT INTO alterplanning.dbo.StagiaireParEntreprise (CodeStagiaire, CodeEntreprise, DateLien, CodeTypeLien, DateDebutEnEts, DateFinEnEts, CodeFonction, Commentaire, NumLien, CodeTuteur, ResponsableEts, GererPar, Interruption, SujetStage, TitreVise, CodeContactEni) VALUES (268, 47, '2017-09-05 17:13:31.000', '', null, null, null, null, 259, null, null, null, null, null, null, null);
INSERT INTO alterplanning.dbo.StagiaireParEntreprise (CodeStagiaire, CodeEntreprise, DateLien, CodeTypeLien, DateDebutEnEts, DateFinEnEts, CodeFonction, Commentaire, NumLien, CodeTuteur, ResponsableEts, GererPar, Interruption, SujetStage, TitreVise, CodeContactEni) VALUES (269, 53, '2018-12-16 12:08:24.000', '', null, null, null, null, 260, null, null, null, null, null, null, null);
INSERT INTO alterplanning.dbo.StagiaireParEntreprise (CodeStagiaire, CodeEntreprise, DateLien, CodeTypeLien, DateDebutEnEts, DateFinEnEts, CodeFonction, Commentaire, NumLien, CodeTuteur, ResponsableEts, GererPar, Interruption, SujetStage, TitreVise, CodeContactEni) VALUES (270, 43, '2018-11-26 22:51:25.000', '', null, null, null, null, 261, null, null, null, null, null, null, null);
INSERT INTO alterplanning.dbo.StagiaireParEntreprise (CodeStagiaire, CodeEntreprise, DateLien, CodeTypeLien, DateDebutEnEts, DateFinEnEts, CodeFonction, Commentaire, NumLien, CodeTuteur, ResponsableEts, GererPar, Interruption, SujetStage, TitreVise, CodeContactEni) VALUES (271, 45, '2018-03-06 23:19:27.000', '', null, null, null, null, 262, null, null, null, null, null, null, null);
INSERT INTO alterplanning.dbo.StagiaireParEntreprise (CodeStagiaire, CodeEntreprise, DateLien, CodeTypeLien, DateDebutEnEts, DateFinEnEts, CodeFonction, Commentaire, NumLien, CodeTuteur, ResponsableEts, GererPar, Interruption, SujetStage, TitreVise, CodeContactEni) VALUES (272, 38, '2017-12-26 01:24:27.000', '', null, null, null, null, 263, null, null, null, null, null, null, null);
INSERT INTO alterplanning.dbo.StagiaireParEntreprise (CodeStagiaire, CodeEntreprise, DateLien, CodeTypeLien, DateDebutEnEts, DateFinEnEts, CodeFonction, Commentaire, NumLien, CodeTuteur, ResponsableEts, GererPar, Interruption, SujetStage, TitreVise, CodeContactEni) VALUES (273, 33, '2017-06-30 04:30:15.000', '', null, null, null, null, 264, null, null, null, null, null, null, null);
INSERT INTO alterplanning.dbo.StagiaireParEntreprise (CodeStagiaire, CodeEntreprise, DateLien, CodeTypeLien, DateDebutEnEts, DateFinEnEts, CodeFonction, Commentaire, NumLien, CodeTuteur, ResponsableEts, GererPar, Interruption, SujetStage, TitreVise, CodeContactEni) VALUES (274, 38, '2018-02-09 14:27:37.000', '', null, null, null, null, 265, null, null, null, null, null, null, null);
INSERT INTO alterplanning.dbo.StagiaireParEntreprise (CodeStagiaire, CodeEntreprise, DateLien, CodeTypeLien, DateDebutEnEts, DateFinEnEts, CodeFonction, Commentaire, NumLien, CodeTuteur, ResponsableEts, GererPar, Interruption, SujetStage, TitreVise, CodeContactEni) VALUES (275, 51, '2019-03-13 12:10:43.000', '', null, null, null, null, 266, null, null, null, null, null, null, null);
INSERT INTO alterplanning.dbo.StagiaireParEntreprise (CodeStagiaire, CodeEntreprise, DateLien, CodeTypeLien, DateDebutEnEts, DateFinEnEts, CodeFonction, Commentaire, NumLien, CodeTuteur, ResponsableEts, GererPar, Interruption, SujetStage, TitreVise, CodeContactEni) VALUES (276, 42, '2019-02-26 07:32:25.000', '', null, null, null, null, 267, null, null, null, null, null, null, null);
INSERT INTO alterplanning.dbo.StagiaireParEntreprise (CodeStagiaire, CodeEntreprise, DateLien, CodeTypeLien, DateDebutEnEts, DateFinEnEts, CodeFonction, Commentaire, NumLien, CodeTuteur, ResponsableEts, GererPar, Interruption, SujetStage, TitreVise, CodeContactEni) VALUES (277, 44, '2018-08-10 10:57:01.000', '', null, null, null, null, 268, null, null, null, null, null, null, null);
INSERT INTO alterplanning.dbo.StagiaireParEntreprise (CodeStagiaire, CodeEntreprise, DateLien, CodeTypeLien, DateDebutEnEts, DateFinEnEts, CodeFonction, Commentaire, NumLien, CodeTuteur, ResponsableEts, GererPar, Interruption, SujetStage, TitreVise, CodeContactEni) VALUES (278, 51, '2018-07-10 16:53:24.000', '', null, null, null, null, 269, null, null, null, null, null, null, null);
INSERT INTO alterplanning.dbo.StagiaireParEntreprise (CodeStagiaire, CodeEntreprise, DateLien, CodeTypeLien, DateDebutEnEts, DateFinEnEts, CodeFonction, Commentaire, NumLien, CodeTuteur, ResponsableEts, GererPar, Interruption, SujetStage, TitreVise, CodeContactEni) VALUES (279, 38, '2018-06-23 04:42:30.000', '', null, null, null, null, 270, null, null, null, null, null, null, null);
INSERT INTO alterplanning.dbo.StagiaireParEntreprise (CodeStagiaire, CodeEntreprise, DateLien, CodeTypeLien, DateDebutEnEts, DateFinEnEts, CodeFonction, Commentaire, NumLien, CodeTuteur, ResponsableEts, GererPar, Interruption, SujetStage, TitreVise, CodeContactEni) VALUES (280, 43, '2018-10-26 13:16:22.000', '', null, null, null, null, 271, null, null, null, null, null, null, null);
INSERT INTO alterplanning.dbo.StagiaireParEntreprise (CodeStagiaire, CodeEntreprise, DateLien, CodeTypeLien, DateDebutEnEts, DateFinEnEts, CodeFonction, Commentaire, NumLien, CodeTuteur, ResponsableEts, GererPar, Interruption, SujetStage, TitreVise, CodeContactEni) VALUES (281, 53, '2018-12-14 23:50:20.000', '', null, null, null, null, 272, null, null, null, null, null, null, null);
INSERT INTO alterplanning.dbo.StagiaireParEntreprise (CodeStagiaire, CodeEntreprise, DateLien, CodeTypeLien, DateDebutEnEts, DateFinEnEts, CodeFonction, Commentaire, NumLien, CodeTuteur, ResponsableEts, GererPar, Interruption, SujetStage, TitreVise, CodeContactEni) VALUES (282, 49, '2017-10-27 05:58:26.000', '', null, null, null, null, 273, null, null, null, null, null, null, null);
INSERT INTO alterplanning.dbo.StagiaireParEntreprise (CodeStagiaire, CodeEntreprise, DateLien, CodeTypeLien, DateDebutEnEts, DateFinEnEts, CodeFonction, Commentaire, NumLien, CodeTuteur, ResponsableEts, GererPar, Interruption, SujetStage, TitreVise, CodeContactEni) VALUES (283, 48, '2018-12-27 22:07:57.000', '', null, null, null, null, 274, null, null, null, null, null, null, null);
INSERT INTO alterplanning.dbo.StagiaireParEntreprise (CodeStagiaire, CodeEntreprise, DateLien, CodeTypeLien, DateDebutEnEts, DateFinEnEts, CodeFonction, Commentaire, NumLien, CodeTuteur, ResponsableEts, GererPar, Interruption, SujetStage, TitreVise, CodeContactEni) VALUES (284, 38, '2019-03-28 11:02:06.000', '', null, null, null, null, 275, null, null, null, null, null, null, null);
INSERT INTO alterplanning.dbo.StagiaireParEntreprise (CodeStagiaire, CodeEntreprise, DateLien, CodeTypeLien, DateDebutEnEts, DateFinEnEts, CodeFonction, Commentaire, NumLien, CodeTuteur, ResponsableEts, GererPar, Interruption, SujetStage, TitreVise, CodeContactEni) VALUES (285, 43, '2018-06-17 03:11:34.000', '', null, null, null, null, 276, null, null, null, null, null, null, null);
INSERT INTO alterplanning.dbo.StagiaireParEntreprise (CodeStagiaire, CodeEntreprise, DateLien, CodeTypeLien, DateDebutEnEts, DateFinEnEts, CodeFonction, Commentaire, NumLien, CodeTuteur, ResponsableEts, GererPar, Interruption, SujetStage, TitreVise, CodeContactEni) VALUES (286, 57, '2017-08-12 13:40:13.000', '', null, null, null, null, 277, null, null, null, null, null, null, null);
INSERT INTO alterplanning.dbo.StagiaireParEntreprise (CodeStagiaire, CodeEntreprise, DateLien, CodeTypeLien, DateDebutEnEts, DateFinEnEts, CodeFonction, Commentaire, NumLien, CodeTuteur, ResponsableEts, GererPar, Interruption, SujetStage, TitreVise, CodeContactEni) VALUES (287, 59, '2018-03-05 20:30:44.000', '', null, null, null, null, 278, null, null, null, null, null, null, null);
INSERT INTO alterplanning.dbo.StagiaireParEntreprise (CodeStagiaire, CodeEntreprise, DateLien, CodeTypeLien, DateDebutEnEts, DateFinEnEts, CodeFonction, Commentaire, NumLien, CodeTuteur, ResponsableEts, GererPar, Interruption, SujetStage, TitreVise, CodeContactEni) VALUES (288, 48, '2018-01-09 03:59:21.000', '', null, null, null, null, 279, null, null, null, null, null, null, null);
INSERT INTO alterplanning.dbo.StagiaireParEntreprise (CodeStagiaire, CodeEntreprise, DateLien, CodeTypeLien, DateDebutEnEts, DateFinEnEts, CodeFonction, Commentaire, NumLien, CodeTuteur, ResponsableEts, GererPar, Interruption, SujetStage, TitreVise, CodeContactEni) VALUES (289, 47, '2018-06-19 21:23:58.000', '', null, null, null, null, 280, null, null, null, null, null, null, null);
INSERT INTO alterplanning.dbo.StagiaireParEntreprise (CodeStagiaire, CodeEntreprise, DateLien, CodeTypeLien, DateDebutEnEts, DateFinEnEts, CodeFonction, Commentaire, NumLien, CodeTuteur, ResponsableEts, GererPar, Interruption, SujetStage, TitreVise, CodeContactEni) VALUES (290, 58, '2017-08-04 20:50:17.000', '', null, null, null, null, 281, null, null, null, null, null, null, null);
INSERT INTO alterplanning.dbo.StagiaireParEntreprise (CodeStagiaire, CodeEntreprise, DateLien, CodeTypeLien, DateDebutEnEts, DateFinEnEts, CodeFonction, Commentaire, NumLien, CodeTuteur, ResponsableEts, GererPar, Interruption, SujetStage, TitreVise, CodeContactEni) VALUES (291, 48, '2018-12-28 08:44:56.000', '', null, null, null, null, 282, null, null, null, null, null, null, null);
INSERT INTO alterplanning.dbo.StagiaireParEntreprise (CodeStagiaire, CodeEntreprise, DateLien, CodeTypeLien, DateDebutEnEts, DateFinEnEts, CodeFonction, Commentaire, NumLien, CodeTuteur, ResponsableEts, GererPar, Interruption, SujetStage, TitreVise, CodeContactEni) VALUES (292, 53, '2017-08-06 10:01:53.000', '', null, null, null, null, 283, null, null, null, null, null, null, null);
INSERT INTO alterplanning.dbo.StagiaireParEntreprise (CodeStagiaire, CodeEntreprise, DateLien, CodeTypeLien, DateDebutEnEts, DateFinEnEts, CodeFonction, Commentaire, NumLien, CodeTuteur, ResponsableEts, GererPar, Interruption, SujetStage, TitreVise, CodeContactEni) VALUES (293, 34, '2018-01-12 13:56:26.000', '', null, null, null, null, 284, null, null, null, null, null, null, null);
INSERT INTO alterplanning.dbo.StagiaireParEntreprise (CodeStagiaire, CodeEntreprise, DateLien, CodeTypeLien, DateDebutEnEts, DateFinEnEts, CodeFonction, Commentaire, NumLien, CodeTuteur, ResponsableEts, GererPar, Interruption, SujetStage, TitreVise, CodeContactEni) VALUES (294, 43, '2018-11-23 22:07:16.000', '', null, null, null, null, 285, null, null, null, null, null, null, null);
INSERT INTO alterplanning.dbo.StagiaireParEntreprise (CodeStagiaire, CodeEntreprise, DateLien, CodeTypeLien, DateDebutEnEts, DateFinEnEts, CodeFonction, Commentaire, NumLien, CodeTuteur, ResponsableEts, GererPar, Interruption, SujetStage, TitreVise, CodeContactEni) VALUES (295, 56, '2018-10-08 10:45:55.000', '', null, null, null, null, 286, null, null, null, null, null, null, null);
INSERT INTO alterplanning.dbo.StagiaireParEntreprise (CodeStagiaire, CodeEntreprise, DateLien, CodeTypeLien, DateDebutEnEts, DateFinEnEts, CodeFonction, Commentaire, NumLien, CodeTuteur, ResponsableEts, GererPar, Interruption, SujetStage, TitreVise, CodeContactEni) VALUES (296, 56, '2019-01-26 09:43:50.000', '', null, null, null, null, 287, null, null, null, null, null, null, null);
INSERT INTO alterplanning.dbo.StagiaireParEntreprise (CodeStagiaire, CodeEntreprise, DateLien, CodeTypeLien, DateDebutEnEts, DateFinEnEts, CodeFonction, Commentaire, NumLien, CodeTuteur, ResponsableEts, GererPar, Interruption, SujetStage, TitreVise, CodeContactEni) VALUES (297, 35, '2019-04-03 13:11:11.000', '', null, null, null, null, 288, null, null, null, null, null, null, null);
INSERT INTO alterplanning.dbo.StagiaireParEntreprise (CodeStagiaire, CodeEntreprise, DateLien, CodeTypeLien, DateDebutEnEts, DateFinEnEts, CodeFonction, Commentaire, NumLien, CodeTuteur, ResponsableEts, GererPar, Interruption, SujetStage, TitreVise, CodeContactEni) VALUES (298, 53, '2018-03-18 02:32:35.000', '', null, null, null, null, 289, null, null, null, null, null, null, null);
INSERT INTO alterplanning.dbo.StagiaireParEntreprise (CodeStagiaire, CodeEntreprise, DateLien, CodeTypeLien, DateDebutEnEts, DateFinEnEts, CodeFonction, Commentaire, NumLien, CodeTuteur, ResponsableEts, GererPar, Interruption, SujetStage, TitreVise, CodeContactEni) VALUES (299, 52, '2019-01-15 04:42:34.000', '', null, null, null, null, 290, null, null, null, null, null, null, null);
INSERT INTO alterplanning.dbo.StagiaireParEntreprise (CodeStagiaire, CodeEntreprise, DateLien, CodeTypeLien, DateDebutEnEts, DateFinEnEts, CodeFonction, Commentaire, NumLien, CodeTuteur, ResponsableEts, GererPar, Interruption, SujetStage, TitreVise, CodeContactEni) VALUES (300, 58, '2018-05-25 10:58:51.000', '', null, null, null, null, 291, null, null, null, null, null, null, null);
INSERT INTO alterplanning.dbo.StagiaireParEntreprise (CodeStagiaire, CodeEntreprise, DateLien, CodeTypeLien, DateDebutEnEts, DateFinEnEts, CodeFonction, Commentaire, NumLien, CodeTuteur, ResponsableEts, GererPar, Interruption, SujetStage, TitreVise, CodeContactEni) VALUES (301, 38, '2019-04-25 21:41:23.000', '', null, null, null, null, 292, null, null, null, null, null, null, null);
INSERT INTO alterplanning.dbo.StagiaireParEntreprise (CodeStagiaire, CodeEntreprise, DateLien, CodeTypeLien, DateDebutEnEts, DateFinEnEts, CodeFonction, Commentaire, NumLien, CodeTuteur, ResponsableEts, GererPar, Interruption, SujetStage, TitreVise, CodeContactEni) VALUES (302, 31, '2017-11-08 09:45:40.000', '', null, null, null, null, 293, null, null, null, null, null, null, null);
INSERT INTO alterplanning.dbo.StagiaireParEntreprise (CodeStagiaire, CodeEntreprise, DateLien, CodeTypeLien, DateDebutEnEts, DateFinEnEts, CodeFonction, Commentaire, NumLien, CodeTuteur, ResponsableEts, GererPar, Interruption, SujetStage, TitreVise, CodeContactEni) VALUES (303, 52, '2018-10-07 20:28:05.000', '', null, null, null, null, 294, null, null, null, null, null, null, null);
INSERT INTO alterplanning.dbo.StagiaireParEntreprise (CodeStagiaire, CodeEntreprise, DateLien, CodeTypeLien, DateDebutEnEts, DateFinEnEts, CodeFonction, Commentaire, NumLien, CodeTuteur, ResponsableEts, GererPar, Interruption, SujetStage, TitreVise, CodeContactEni) VALUES (304, 51, '2018-07-05 19:56:13.000', '', null, null, null, null, 295, null, null, null, null, null, null, null);
INSERT INTO alterplanning.dbo.StagiaireParEntreprise (CodeStagiaire, CodeEntreprise, DateLien, CodeTypeLien, DateDebutEnEts, DateFinEnEts, CodeFonction, Commentaire, NumLien, CodeTuteur, ResponsableEts, GererPar, Interruption, SujetStage, TitreVise, CodeContactEni) VALUES (305, 32, '2017-06-29 18:06:22.000', '', null, null, null, null, 296, null, null, null, null, null, null, null);
INSERT INTO alterplanning.dbo.StagiaireParEntreprise (CodeStagiaire, CodeEntreprise, DateLien, CodeTypeLien, DateDebutEnEts, DateFinEnEts, CodeFonction, Commentaire, NumLien, CodeTuteur, ResponsableEts, GererPar, Interruption, SujetStage, TitreVise, CodeContactEni) VALUES (306, 53, '2017-09-21 17:09:45.000', '', null, null, null, null, 297, null, null, null, null, null, null, null);
INSERT INTO alterplanning.dbo.StagiaireParEntreprise (CodeStagiaire, CodeEntreprise, DateLien, CodeTypeLien, DateDebutEnEts, DateFinEnEts, CodeFonction, Commentaire, NumLien, CodeTuteur, ResponsableEts, GererPar, Interruption, SujetStage, TitreVise, CodeContactEni) VALUES (307, 59, '2017-07-21 07:33:46.000', '', null, null, null, null, 298, null, null, null, null, null, null, null);
INSERT INTO alterplanning.dbo.StagiaireParEntreprise (CodeStagiaire, CodeEntreprise, DateLien, CodeTypeLien, DateDebutEnEts, DateFinEnEts, CodeFonction, Commentaire, NumLien, CodeTuteur, ResponsableEts, GererPar, Interruption, SujetStage, TitreVise, CodeContactEni) VALUES (308, 33, '2018-12-02 06:41:21.000', '', null, null, null, null, 299, null, null, null, null, null, null, null);
INSERT INTO alterplanning.dbo.StagiaireParEntreprise (CodeStagiaire, CodeEntreprise, DateLien, CodeTypeLien, DateDebutEnEts, DateFinEnEts, CodeFonction, Commentaire, NumLien, CodeTuteur, ResponsableEts, GererPar, Interruption, SujetStage, TitreVise, CodeContactEni) VALUES (309, 45, '2018-07-02 04:10:17.000', '', null, null, null, null, 300, null, null, null, null, null, null, null);
INSERT INTO alterplanning.dbo.StagiaireParEntreprise (CodeStagiaire, CodeEntreprise, DateLien, CodeTypeLien, DateDebutEnEts, DateFinEnEts, CodeFonction, Commentaire, NumLien, CodeTuteur, ResponsableEts, GererPar, Interruption, SujetStage, TitreVise, CodeContactEni) VALUES (310, 59, '2018-07-04 10:50:00.000', '', null, null, null, null, 301, null, null, null, null, null, null, null);
SET IDENTITY_INSERT alterplanning.dbo.StagiaireParEntreprise OFF;
